date,dam_price_rs_mwh,peak_price,offpeak_price,vwap_rs_mwh,month,year,day_of_week
2021-06-23,5380.18,7111.09,4441.48,5776.28,6,2021,Wed
2021-06-24,4104.28,5344.71,3453.72,4399.22,6,2021,Thu
2021-06-25,5127.25,6276.58,4444.39,5360.48,6,2021,Fri
2021-06-26,4829.92,5982.74,3578.5,4780.62,6,2021,Sat
2021-06-27,4956.96,6521.02,4033.48,5277.25,6,2021,Sun
2021-06-28,5121.52,6884.03,4408.41,5646.22,6,2021,Mon
2021-06-29,4974.05,6184.46,3521.06,4852.76,6,2021,Tue
2021-06-30,5450.37,7079.77,4764.45,5922.11,6,2021,Wed
2021-07-01,3376.91,4200.58,2479.01,3339.79,7,2021,Thu
2021-07-02,3508.5,4193.99,2878.95,3536.47,7,2021,Fri
2021-07-03,3626.88,4678.86,2742.74,3710.8,7,2021,Sat
2021-07-04,3031.2,3720.78,2279.15,2999.97,7,2021,Sun
2021-07-05,4024.82,4789.47,2822.71,3806.09,7,2021,Mon
2021-07-06,3753.18,4845.48,3154.67,4000.07,7,2021,Tue
2021-07-07,3393.92,3997.9,2445.71,3221.81,7,2021,Wed
2021-07-08,3236.62,4088.01,2711.32,3399.66,7,2021,Thu
2021-07-09,3626.95,4576.63,2737.3,3656.97,7,2021,Fri
2021-07-10,3181.44,3795.2,2460.96,3128.08,7,2021,Sat
2021-07-11,2817.18,3272.61,2114.71,2693.66,7,2021,Sun
2021-07-12,3687.69,4651.68,3101.72,3876.7,7,2021,Mon
2021-07-13,3907.82,5130.21,2852.93,3991.57,7,2021,Tue
2021-07-14,3437.91,4450.28,2692.36,3571.32,7,2021,Wed
2021-07-15,3394.32,4006.86,2801.46,3404.16,7,2021,Thu
2021-07-16,3852.44,4662.62,3133.77,3898.2,7,2021,Fri
2021-07-17,2709.33,3179.67,2365.63,2772.65,7,2021,Sat
2021-07-18,3444.54,4144.39,3012.09,3578.24,7,2021,Sun
2021-07-19,3473.48,4306.68,2601.65,3454.16,7,2021,Mon
2021-07-20,3234.6,4014.65,2382.05,3198.35,7,2021,Tue
2021-07-21,3783.17,4484.39,3231.55,3857.97,7,2021,Wed
2021-07-22,3622.22,4478.58,2944.56,3711.57,7,2021,Thu
2021-07-23,4310.59,5029.98,3340.04,4185.01,7,2021,Fri
2021-07-24,3406.14,4141.78,2472.91,3307.34,7,2021,Sat
2021-07-25,3913.43,4633.97,3391.07,4012.52,7,2021,Sun
2021-07-26,3459.53,4387.32,2435.87,3411.59,7,2021,Mon
2021-07-27,3038.65,3970.14,2172.3,3071.22,7,2021,Tue
2021-07-28,4563.27,6103.67,3663.9,4883.78,7,2021,Wed
2021-07-29,2780.37,3381.81,2206.84,2794.32,7,2021,Thu
2021-07-30,3304.91,4346.81,2846.55,3596.68,7,2021,Fri
2021-07-31,3254.85,3813.75,2672.24,3243.0,7,2021,Sat
2021-08-01,3189.59,4158.36,2294.57,3226.46,8,2021,Sun
2021-08-02,3338.5,3864.25,2670.38,3267.31,8,2021,Mon
2021-08-03,4576.13,6002.28,3464.52,4733.4,8,2021,Tue
2021-08-04,3926.49,4919.94,2929.45,3924.7,8,2021,Wed
2021-08-05,3245.87,3761.9,2526.32,3144.11,8,2021,Thu
2021-08-06,2983.32,3877.48,2566.68,3222.08,8,2021,Fri
2021-08-07,3197.83,3879.56,2682.86,3281.21,8,2021,Sat
2021-08-08,3055.78,3571.88,2549.81,3060.84,8,2021,Sun
2021-08-09,3623.44,4341.59,2616.48,3479.03,8,2021,Mon
2021-08-10,4359.15,5169.31,3521.71,4345.51,8,2021,Tue
2021-08-11,3074.41,4013.58,2689.89,3351.73,8,2021,Wed
2021-08-12,3509.04,4045.18,2601.39,3323.28,8,2021,Thu
2021-08-13,3515.77,4128.8,2781.46,3455.13,8,2021,Fri
2021-08-14,2931.52,3488.38,2476.38,2982.38,8,2021,Sat
2021-08-15,3583.19,4214.59,2588.05,3401.32,8,2021,Sun
2021-08-16,3758.64,4548.67,2961.61,3755.14,8,2021,Mon
2021-08-17,3781.08,4564.86,3276.18,3920.52,8,2021,Tue
2021-08-18,3418.13,4364.26,2457.85,3411.05,8,2021,Wed
2021-08-19,3549.54,4767.9,2865.5,3816.7,8,2021,Thu
2021-08-20,3139.3,3903.64,2640.96,3272.3,8,2021,Fri
2021-08-21,3368.88,4433.06,2841.41,3637.24,8,2021,Sat
2021-08-22,2481.02,3153.88,2124.23,2639.06,8,2021,Sun
2021-08-23,4621.7,5660.82,3589.48,4625.15,8,2021,Mon
2021-08-24,3504.77,4348.65,2609.69,3479.17,8,2021,Tue
2021-08-25,3008.58,3951.21,2163.02,3057.11,8,2021,Wed
2021-08-26,3050.7,3597.49,2588.33,3092.91,8,2021,Thu
2021-08-27,3089.36,4121.81,2254.61,3188.21,8,2021,Fri
2021-08-28,3100.52,3637.21,2182.17,2909.69,8,2021,Sat
2021-08-29,3109.24,3608.82,2507.31,3058.07,8,2021,Sun
2021-08-30,4002.67,4857.64,3165.37,4011.51,8,2021,Mon
2021-08-31,3544.68,4107.2,2597.08,3352.14,8,2021,Tue
2021-09-01,5145.38,6505.03,3987.3,5246.16,9,2021,Wed
2021-09-02,3349.61,4202.92,2406.03,3304.47,9,2021,Thu
2021-09-03,4194.51,5599.54,3010.99,4305.27,9,2021,Fri
2021-09-04,3790.33,5101.46,3200.42,4150.94,9,2021,Sat
2021-09-05,3464.07,4523.38,2508.75,3516.06,9,2021,Sun
2021-09-06,3595.39,4751.35,2816.28,3783.82,9,2021,Mon
2021-09-07,3601.92,4334.16,2611.96,3473.06,9,2021,Tue
2021-09-08,2973.09,3557.35,2277.84,2917.59,9,2021,Wed
2021-09-09,4071.73,4991.51,3352.8,4172.16,9,2021,Thu
2021-09-10,3492.81,4656.85,2747.32,3702.08,9,2021,Fri
2021-09-11,3905.75,5154.46,3192.82,4173.64,9,2021,Sat
2021-09-12,3706.75,4731.98,2786.99,3759.48,9,2021,Sun
2021-09-13,4173.01,5378.85,3567.63,4473.24,9,2021,Mon
2021-09-14,3737.2,4368.86,3104.22,3736.54,9,2021,Tue
2021-09-15,4007.24,4718.45,3496.71,4107.58,9,2021,Wed
2021-09-16,3449.45,4506.8,2908.31,3707.55,9,2021,Thu
2021-09-17,3219.4,4082.24,2308.66,3195.45,9,2021,Fri
2021-09-18,3520.49,4451.62,2759.64,3605.63,9,2021,Sat
2021-09-19,3481.01,4559.59,2745.08,3652.34,9,2021,Sun
2021-09-20,2893.02,3396.25,2086.09,2741.17,9,2021,Mon
2021-09-21,4423.81,5457.76,3713.25,4585.5,9,2021,Tue
2021-09-22,4047.35,5381.65,3388.66,4385.16,9,2021,Wed
2021-09-23,3791.84,4599.07,2761.86,3680.47,9,2021,Thu
2021-09-24,3807.02,4711.5,2927.59,3819.54,9,2021,Fri
2021-09-25,4050.88,5416.95,3404.58,4410.77,9,2021,Sat
2021-09-26,3714.05,5004.04,3079.68,4041.86,9,2021,Sun
2021-09-27,4099.67,5412.0,3339.89,4375.95,9,2021,Mon
2021-09-28,2913.82,3750.73,2046.13,2898.43,9,2021,Tue
2021-09-29,4295.45,5193.5,3361.35,4277.43,9,2021,Wed
2021-09-30,3337.14,4450.7,2805.31,3628.0,9,2021,Thu
2021-10-01,3335.72,4422.64,2505.47,3464.06,10,2021,Fri
2021-10-02,3894.9,5257.42,3193.13,4225.27,10,2021,Sat
2021-10-03,3709.02,4930.8,2615.68,3773.24,10,2021,Sun
2021-10-04,3701.39,4831.63,2723.03,3777.33,10,2021,Mon
2021-10-05,3842.11,4446.21,2693.23,3569.72,10,2021,Tue
2021-10-06,4407.61,5775.28,3274.59,4524.94,10,2021,Wed
2021-10-07,3015.47,3950.85,2614.43,3282.64,10,2021,Thu
2021-10-08,4046.92,5332.21,2862.09,4097.15,10,2021,Fri
2021-10-09,3360.89,4204.16,2803.44,3503.8,10,2021,Sat
2021-10-10,3688.55,4356.34,3069.73,3713.03,10,2021,Sun
2021-10-11,3620.8,4678.0,3173.4,3925.7,10,2021,Mon
2021-10-12,3412.37,4344.85,2414.67,3379.76,10,2021,Tue
2021-10-13,3927.73,4652.89,2814.25,3733.57,10,2021,Wed
2021-10-14,3742.39,4646.97,3147.85,3897.41,10,2021,Thu
2021-10-15,3863.26,4554.89,3362.14,3958.51,10,2021,Fri
2021-10-16,3537.45,4563.16,2889.61,3726.39,10,2021,Sat
2021-10-17,4170.06,5219.54,3222.31,4220.93,10,2021,Sun
2021-10-18,5090.58,5990.69,3818.21,4904.45,10,2021,Mon
2021-10-19,4583.3,5830.86,3731.87,4781.37,10,2021,Tue
2021-10-20,4143.17,4944.98,3338.96,4141.97,10,2021,Wed
2021-10-21,3489.31,4304.7,2740.31,3522.5,10,2021,Thu
2021-10-22,4512.9,5700.5,3729.29,4714.89,10,2021,Fri
2021-10-23,3562.34,4321.99,2998.56,3660.27,10,2021,Sat
2021-10-24,4144.74,5285.39,3170.39,4227.89,10,2021,Sun
2021-10-25,4137.28,5491.34,3582.02,4536.68,10,2021,Mon
2021-10-26,4000.65,5240.74,3026.89,4133.82,10,2021,Tue
2021-10-27,3602.42,4226.26,2568.42,3397.34,10,2021,Wed
2021-10-28,4544.99,5481.81,3454.84,4468.33,10,2021,Thu
2021-10-29,3808.29,4945.21,2675.87,3810.54,10,2021,Fri
2021-10-30,2902.71,3554.23,2112.16,2833.19,10,2021,Sat
2021-10-31,3346.25,4092.41,2919.66,3506.04,10,2021,Sun
2021-11-01,5277.84,6397.76,4347.78,5372.77,11,2021,Mon
2021-11-02,3273.15,4183.67,2297.52,3240.59,11,2021,Tue
2021-11-03,4299.44,5085.17,3138.0,4111.59,11,2021,Wed
2021-11-04,4355.01,5492.51,3706.25,4599.38,11,2021,Thu
2021-11-05,4546.3,5635.81,3503.66,4569.74,11,2021,Fri
2021-11-06,4301.42,5319.8,3374.37,4347.09,11,2021,Sat
2021-11-07,3423.16,4557.67,2423.72,3490.69,11,2021,Sun
2021-11-08,3271.26,4082.67,2635.2,3358.93,11,2021,Mon
2021-11-09,2961.68,3550.26,2522.89,3036.58,11,2021,Tue
2021-11-10,4028.15,5172.31,3372.86,4272.59,11,2021,Wed
2021-11-11,4006.81,5040.19,3048.87,4044.53,11,2021,Thu
2021-11-12,4056.11,5288.05,3461.33,4374.69,11,2021,Fri
2021-11-13,3574.72,4530.69,3049.42,3790.05,11,2021,Sat
2021-11-14,3079.11,3868.23,2213.56,3040.89,11,2021,Sun
2021-11-15,3914.1,4995.04,2864.93,3929.99,11,2021,Mon
2021-11-16,4397.73,5079.23,3812.58,4445.91,11,2021,Tue
2021-11-17,4176.19,5302.49,2928.83,4115.66,11,2021,Wed
2021-11-18,4035.11,5151.84,3537.68,4344.76,11,2021,Thu
2021-11-19,4546.52,5920.87,3921.82,4921.34,11,2021,Fri
2021-11-20,2705.13,3533.98,2315.65,2924.82,11,2021,Sat
2021-11-21,3895.04,4822.13,3114.31,3968.22,11,2021,Sun
2021-11-22,4060.56,5469.23,3053.06,4261.15,11,2021,Mon
2021-11-23,4911.71,5988.85,3547.71,4768.28,11,2021,Tue
2021-11-24,3353.02,4184.36,2941.93,3563.14,11,2021,Wed
2021-11-25,4025.25,4960.38,3392.74,4176.56,11,2021,Thu
2021-11-26,4512.96,5913.83,3910.24,4912.03,11,2021,Fri
2021-11-27,3958.6,4847.47,2805.72,3826.59,11,2021,Sat
2021-11-28,3157.75,4081.87,2650.2,3366.04,11,2021,Sun
2021-11-29,3583.27,4694.71,2539.87,3617.29,11,2021,Mon
2021-11-30,3667.06,4846.48,2569.91,3708.19,11,2021,Tue
2021-12-01,4203.27,4858.65,3245.95,4052.3,12,2021,Wed
2021-12-02,3873.65,4638.82,3306.16,3972.49,12,2021,Thu
2021-12-03,4890.71,5916.72,3943.17,4929.95,12,2021,Fri
2021-12-04,3622.22,4807.81,2657.86,3732.84,12,2021,Sat
2021-12-05,3988.95,5159.82,3372.01,4265.92,12,2021,Sun
2021-12-06,5256.13,6473.39,3808.74,5141.06,12,2021,Mon
2021-12-07,4423.38,5706.94,3570.28,4638.61,12,2021,Tue
2021-12-08,4150.88,5186.04,3006.01,4096.03,12,2021,Wed
2021-12-09,4971.59,5918.16,3495.93,4707.05,12,2021,Thu
2021-12-10,3631.84,4425.97,2817.1,3621.54,12,2021,Fri
2021-12-11,3068.87,3861.16,2305.39,3083.27,12,2021,Sat
2021-12-12,3684.71,4477.17,3182.23,3829.7,12,2021,Sun
2021-12-13,3858.76,4893.48,3155.0,4024.24,12,2021,Mon
2021-12-14,3771.25,4580.18,2745.4,3662.79,12,2021,Tue
2021-12-15,5416.8,7087.32,4556.01,5821.67,12,2021,Wed
2021-12-16,4488.9,6055.25,3687.3,4871.28,12,2021,Thu
2021-12-17,3825.83,4829.86,2748.25,3789.05,12,2021,Fri
2021-12-18,3558.3,4456.94,2768.13,3612.53,12,2021,Sat
2021-12-19,4171.3,4882.93,2950.75,3916.84,12,2021,Sun
2021-12-20,3110.02,3859.61,2465.92,3162.77,12,2021,Mon
2021-12-21,4695.61,5504.76,3611.92,4558.34,12,2021,Tue
2021-12-22,4615.84,5499.34,3482.07,4490.7,12,2021,Wed
2021-12-23,3963.03,4558.8,2854.07,3706.44,12,2021,Thu
2021-12-24,8900.48,11140.14,7014.56,9077.35,12,2021,Fri
2021-12-25,3116.55,4070.58,2653.48,3362.03,12,2021,Sat
2021-12-26,3678.26,4408.38,2892.49,3650.44,12,2021,Sun
2021-12-27,3677.84,4472.8,3190.41,3831.61,12,2021,Mon
2021-12-28,3583.19,4630.6,2605.27,3617.93,12,2021,Tue
2021-12-29,4346.81,5797.62,3050.01,4423.82,12,2021,Wed
2021-12-30,4467.93,5236.98,3626.29,4431.64,12,2021,Thu
2021-12-31,4545.94,5764.43,3877.22,4820.82,12,2021,Fri
2022-01-01,3916.57,4989.02,2856.33,3922.67,1,2022,Sat
2022-01-02,3663.3,4399.08,3170.15,3784.62,1,2022,Sun
2022-01-03,3744.36,5043.4,2864.73,3954.06,1,2022,Mon
2022-01-04,3786.94,4960.29,3060.35,4010.32,1,2022,Tue
2022-01-05,4867.31,5906.61,3475.55,4691.08,1,2022,Wed
2022-01-06,4364.38,5035.65,3185.07,4110.36,1,2022,Thu
2022-01-07,3558.83,4618.35,2694.34,3656.35,1,2022,Fri
2022-01-08,3990.66,4689.85,2896.7,3793.28,1,2022,Sat
2022-01-09,3359.37,4204.11,2951.27,3577.69,1,2022,Sun
2022-01-10,4203.5,5668.91,3384.8,4526.85,1,2022,Mon
2022-01-11,4235.21,5616.21,3373.42,4494.81,1,2022,Tue
2022-01-12,3679.18,4268.23,2969.18,3618.71,1,2022,Wed
2022-01-13,4454.56,5867.76,3132.75,4500.26,1,2022,Thu
2022-01-14,4676.25,6194.99,3486.89,4840.94,1,2022,Fri
2022-01-15,3497.07,4298.72,2874.5,3586.61,1,2022,Sat
2022-01-16,4470.27,5818.88,3920.49,4869.69,1,2022,Sun
2022-01-17,4070.51,4691.23,3432.6,4061.92,1,2022,Mon
2022-01-18,4359.71,5095.7,3749.96,4422.83,1,2022,Tue
2022-01-19,3992.2,4710.3,3485.51,4097.9,1,2022,Wed
2022-01-20,3954.41,5226.93,3417.66,4322.3,1,2022,Thu
2022-01-21,3609.48,4680.4,3097.31,3888.86,1,2022,Fri
2022-01-22,3884.69,5043.66,3230.52,4137.09,1,2022,Sat
2022-01-23,4016.78,4703.34,3465.34,4084.34,1,2022,Sun
2022-01-24,3864.04,4520.82,2846.99,3683.91,1,2022,Mon
2022-01-25,5272.72,7096.26,4048.85,5572.56,1,2022,Tue
2022-01-26,5170.78,6354.51,3916.58,5135.54,1,2022,Wed
2022-01-27,6135.21,7557.52,4959.21,6258.36,1,2022,Thu
2022-01-28,3973.28,4725.61,3051.07,3888.34,1,2022,Fri
2022-01-29,4001.87,4732.51,3294.42,4013.46,1,2022,Sat
2022-01-30,3035.98,3639.28,2179.24,2909.26,1,2022,Sun
2022-01-31,4199.86,5063.44,3092.67,4078.06,1,2022,Mon
2022-02-01,3771.67,4690.77,2816.31,3753.54,2,2022,Tue
2022-02-02,4538.36,6089.87,3709.9,4899.88,2,2022,Wed
2022-02-03,3497.57,4198.79,2633.88,3416.33,2,2022,Thu
2022-02-04,4293.58,5711.88,3766.43,4739.15,2,2022,Fri
2022-02-05,3548.48,4131.72,2571.95,3351.84,2,2022,Sat
2022-02-06,4659.38,5448.66,3970.93,4709.79,2,2022,Sun
2022-02-07,4009.3,4743.25,2989.28,3866.26,2,2022,Mon
2022-02-08,4268.11,5407.03,3552.45,4479.74,2,2022,Tue
2022-02-09,4648.6,5722.29,3889.96,4806.13,2,2022,Wed
2022-02-10,4312.03,5770.82,3112.07,4441.44,2,2022,Thu
2022-02-11,4231.18,5089.72,3606.51,4348.11,2,2022,Fri
2022-02-12,3704.84,4593.9,2756.95,3675.43,2,2022,Sat
2022-02-13,4517.59,5985.42,3438.24,4711.83,2,2022,Sun
2022-02-14,4721.42,5660.79,3442.04,4551.41,2,2022,Mon
2022-02-15,3992.99,5212.73,3167.15,4189.94,2,2022,Tue
2022-02-16,5501.18,6916.71,4281.13,5598.92,2,2022,Wed
2022-02-17,4429.06,5936.93,3484.63,4710.78,2,2022,Thu
2022-02-18,5297.42,6679.42,3906.26,5292.84,2,2022,Fri
2022-02-19,4012.07,4709.33,3470.57,4089.95,2,2022,Sat
2022-02-20,4463.16,5547.72,3445.92,4496.82,2,2022,Sun
2022-02-21,4245.66,5721.96,3597.32,4659.64,2,2022,Mon
2022-02-22,2859.85,3376.27,2475.83,2926.05,2,2022,Tue
2022-02-23,3817.55,4651.62,3218.21,3934.91,2,2022,Wed
2022-02-24,5744.55,7518.05,4240.35,5879.2,2,2022,Thu
2022-02-25,4416.09,5642.89,3093.1,4368.0,2,2022,Fri
2022-02-26,3442.1,4001.15,2693.4,3347.27,2,2022,Sat
2022-02-27,4029.5,5143.48,3105.65,4124.56,2,2022,Sun
2022-02-28,4771.2,6179.83,3735.84,4957.83,2,2022,Mon
2022-03-01,4791.93,5963.83,4173.82,5068.83,3,2022,Tue
2022-03-02,4150.58,5336.07,3537.47,4436.77,3,2022,Wed
2022-03-03,5380.45,7147.92,4492.31,5820.11,3,2022,Thu
2022-03-04,5311.55,6809.4,4007.28,5408.34,3,2022,Fri
2022-03-05,5502.48,7140.58,4251.02,5695.8,3,2022,Sat
2022-03-06,4757.15,5954.94,4106.73,5030.84,3,2022,Sun
2022-03-07,5558.14,6772.44,4299.05,5535.74,3,2022,Mon
2022-03-08,5432.95,6347.56,4455.83,5401.69,3,2022,Tue
2022-03-09,4768.13,5502.2,3617.95,4560.07,3,2022,Wed
2022-03-10,5929.92,7840.11,4414.25,6127.18,3,2022,Thu
2022-03-11,4370.34,5266.39,3168.31,4217.35,3,2022,Fri
2022-03-12,4963.19,6611.3,3655.16,5133.23,3,2022,Sat
2022-03-13,4909.93,6582.17,3976.11,5279.14,3,2022,Sun
2022-03-14,5056.83,6139.49,4428.29,5283.89,3,2022,Mon
2022-03-15,5159.02,5956.84,3982.82,4969.83,3,2022,Tue
2022-03-16,4986.67,6177.43,4330.76,5254.09,3,2022,Wed
2022-03-17,5409.86,6810.52,4263.88,5537.2,3,2022,Thu
2022-03-18,5000.79,5995.16,4322.09,5158.62,3,2022,Fri
2022-03-19,4917.48,6617.17,4101.66,5359.42,3,2022,Sat
2022-03-20,4449.69,5544.85,3480.38,4512.61,3,2022,Sun
2022-03-21,6007.78,7256.58,4484.24,5870.41,3,2022,Mon
2022-03-22,5311.0,6340.12,4497.84,5418.98,3,2022,Tue
2022-03-23,5713.34,6578.91,4345.01,5461.96,3,2022,Wed
2022-03-24,5267.4,6203.24,4421.36,5312.3,3,2022,Thu
2022-03-25,4321.54,5832.87,3174.89,4503.88,3,2022,Fri
2022-03-26,4734.61,6031.58,4109.27,5070.43,3,2022,Sat
2022-03-27,5417.09,6379.16,4562.99,5471.08,3,2022,Sun
2022-03-28,5072.55,6506.51,3652.91,5079.71,3,2022,Mon
2022-03-29,4183.63,5165.52,3344.36,4254.94,3,2022,Tue
2022-03-30,4992.59,6393.2,4386.33,5389.77,3,2022,Wed
2022-03-31,5778.19,7486.04,5060.53,6273.29,3,2022,Thu
2022-04-01,6422.0,7930.88,4554.84,6242.86,4,2022,Fri
2022-04-02,5492.44,7181.33,4667.38,5924.35,4,2022,Sat
2022-04-03,4642.72,5637.69,3875.68,4756.69,4,2022,Sun
2022-04-04,5458.32,7251.96,3962.21,5607.09,4,2022,Mon
2022-04-05,5692.91,6721.64,4532.07,5626.86,4,2022,Tue
2022-04-06,4961.1,5705.78,3862.4,4784.09,4,2022,Wed
2022-04-07,5430.13,6953.02,4605.64,5779.33,4,2022,Thu
2022-04-08,5467.82,7229.34,4637.6,5933.47,4,2022,Fri
2022-04-09,5000.04,5842.8,3855.06,4848.93,4,2022,Sat
2022-04-10,5961.16,7752.28,4713.8,6233.04,4,2022,Sun
2022-04-11,5641.77,6903.16,4171.83,5537.5,4,2022,Mon
2022-04-12,5283.36,6201.51,3780.12,4990.81,4,2022,Tue
2022-04-13,5334.28,7012.56,4116.63,5564.6,4,2022,Wed
2022-04-14,6270.04,8030.09,4895.47,6462.78,4,2022,Thu
2022-04-15,5606.73,7541.72,4805.61,6173.66,4,2022,Fri
2022-04-16,4353.12,5577.28,3273.7,4425.49,4,2022,Sat
2022-04-17,4262.14,5371.08,3619.15,4495.11,4,2022,Sun
2022-04-18,7000.29,8119.58,5658.2,6888.89,4,2022,Mon
2022-04-19,4485.13,5533.44,3751.47,4642.45,4,2022,Tue
2022-04-20,4610.05,5656.87,3451.66,4554.27,4,2022,Wed
2022-04-21,5872.97,7416.5,4826.39,6121.44,4,2022,Thu
2022-04-22,12000.0,12000.0,10332.14,11166.07,4,2022,Fri
2022-04-23,5391.68,7160.44,4230.27,5695.36,4,2022,Sat
2022-04-24,5763.54,6696.65,4257.72,5477.18,4,2022,Sun
2022-04-25,7134.92,9174.83,5269.4,7222.11,4,2022,Mon
2022-04-26,4966.66,6131.58,3634.13,4882.86,4,2022,Tue
2022-04-27,5517.78,6699.02,4220.75,5459.89,4,2022,Wed
2022-04-28,5026.49,6046.68,4070.89,5058.78,4,2022,Thu
2022-04-29,5217.43,6970.14,3745.96,5358.05,4,2022,Fri
2022-04-30,4373.89,5571.96,3157.75,4364.86,4,2022,Sat
2022-05-01,6201.17,8148.09,4928.01,6538.05,5,2022,Sun
2022-05-02,6415.65,7892.87,4865.04,6378.96,5,2022,Mon
2022-05-03,5450.11,7146.39,3982.19,5564.29,5,2022,Tue
2022-05-04,5056.24,6313.9,4422.99,5368.44,5,2022,Wed
2022-05-05,5845.87,7406.43,4226.85,5816.64,5,2022,Thu
2022-05-06,6136.47,7183.7,5252.24,6217.97,5,2022,Fri
2022-05-07,4739.59,5837.91,3685.85,4761.88,5,2022,Sat
2022-05-08,5332.93,7127.76,4108.86,5618.31,5,2022,Sun
2022-05-09,4843.84,6120.61,3793.34,4956.98,5,2022,Mon
2022-05-10,6056.12,7353.0,4616.17,5984.59,5,2022,Tue
2022-05-11,5758.81,6813.89,4780.73,5797.31,5,2022,Wed
2022-05-12,5853.53,7390.28,4893.53,6141.91,5,2022,Thu
2022-05-13,5651.53,7547.62,4563.78,6055.7,5,2022,Fri
2022-05-14,5739.27,7685.48,4422.95,6054.22,5,2022,Sat
2022-05-15,5531.78,6366.65,3910.62,5138.64,5,2022,Sun
2022-05-16,7093.95,8195.68,5915.1,7055.39,5,2022,Mon
2022-05-17,4501.27,5595.76,3155.32,4375.54,5,2022,Tue
2022-05-18,5962.01,7904.16,4573.76,6238.96,5,2022,Wed
2022-05-19,6386.96,7550.14,5361.75,6455.94,5,2022,Thu
2022-05-20,4438.35,5961.07,3876.65,4918.86,5,2022,Fri
2022-05-21,4936.89,6264.19,4236.18,5250.19,5,2022,Sat
2022-05-22,4119.02,5133.75,3301.77,4217.76,5,2022,Sun
2022-05-23,4336.85,5355.99,3324.62,4340.31,5,2022,Mon
2022-05-24,5602.04,7332.79,4766.15,6049.47,5,2022,Tue
2022-05-25,6072.86,8045.73,4277.2,6161.47,5,2022,Wed
2022-05-26,6052.55,7795.84,4414.8,6105.32,5,2022,Thu
2022-05-27,5357.49,6824.06,3788.91,5306.48,5,2022,Fri
2022-05-28,6002.65,7160.36,4352.72,5756.54,5,2022,Sat
2022-05-29,5782.21,6761.5,5033.52,5897.51,5,2022,Sun
2022-05-30,6033.0,8113.69,4310.78,6212.23,5,2022,Mon
2022-05-31,6320.38,8070.16,4912.36,6491.26,5,2022,Tue
2022-06-01,5460.23,6863.07,4798.66,5830.87,6,2022,Wed
2022-06-02,6843.76,8836.38,5162.37,6999.37,6,2022,Thu
2022-06-03,5070.75,6780.48,4313.92,5547.2,6,2022,Fri
2022-06-04,4998.92,5904.48,3980.55,4942.51,6,2022,Sat
2022-06-05,4462.42,5486.3,3481.14,4483.72,6,2022,Sun
2022-06-06,5845.03,7084.94,4290.75,5687.85,6,2022,Mon
2022-06-07,5478.7,6403.82,4690.4,5547.11,6,2022,Tue
2022-06-08,5820.04,7828.99,4956.27,6392.63,6,2022,Wed
2022-06-09,4278.16,5600.79,3414.92,4507.85,6,2022,Thu
2022-06-10,5248.05,7055.28,4339.46,5697.37,6,2022,Fri
2022-06-11,3396.89,4168.89,2598.92,3383.9,6,2022,Sat
2022-06-12,4796.3,5590.03,4030.7,4810.36,6,2022,Sun
2022-06-13,4691.42,5969.57,3313.7,4641.63,6,2022,Mon
2022-06-14,5535.05,7445.45,4092.43,5768.94,6,2022,Tue
2022-06-15,5074.64,6827.62,3768.15,5297.88,6,2022,Wed
2022-06-16,4989.21,5800.78,3667.68,4734.23,6,2022,Thu
2022-06-17,5584.23,7021.86,4538.18,5780.02,6,2022,Fri
2022-06-18,5096.17,6490.27,4360.0,5425.14,6,2022,Sat
2022-06-19,5517.12,6444.63,4086.35,5265.49,6,2022,Sun
2022-06-20,5900.83,7232.42,4949.26,6090.84,6,2022,Mon
2022-06-21,5106.45,6199.98,4174.91,5187.45,6,2022,Tue
2022-06-22,4649.6,5559.67,3858.91,4709.29,6,2022,Wed
2022-06-23,5672.42,6736.45,4080.26,5408.36,6,2022,Thu
2022-06-24,4222.09,5284.53,3287.32,4285.93,6,2022,Fri
2022-06-25,3360.98,4186.4,2607.84,3397.12,6,2022,Sat
2022-06-26,4952.11,5920.71,4034.83,4977.77,6,2022,Sun
2022-06-27,5421.86,6743.72,4670.48,5707.1,6,2022,Mon
2022-06-28,4876.6,6410.01,3982.59,5196.3,6,2022,Tue
2022-06-29,4946.73,6319.88,4225.1,5272.49,6,2022,Wed
2022-06-30,5243.79,6725.19,4304.8,5515.0,6,2022,Thu
2022-07-01,3260.59,4026.88,2759.05,3392.97,7,2022,Fri
2022-07-02,3333.46,4139.97,2462.73,3301.35,7,2022,Sat
2022-07-03,2655.69,3159.52,2158.62,2659.07,7,2022,Sun
2022-07-04,2763.95,3329.22,1989.85,2659.54,7,2022,Mon
2022-07-05,3043.64,3620.51,2290.15,2955.33,7,2022,Tue
2022-07-06,3842.14,5002.88,3179.25,4091.06,7,2022,Wed
2022-07-07,3258.58,4059.15,2367.48,3213.32,7,2022,Thu
2022-07-08,3633.91,4271.5,2903.65,3587.58,7,2022,Fri
2022-07-09,2917.06,3635.32,2452.66,3043.99,7,2022,Sat
2022-07-10,2859.96,3545.35,2424.39,2984.87,7,2022,Sun
2022-07-11,3363.42,3986.56,2637.41,3311.99,7,2022,Mon
2022-07-12,3848.78,5004.78,2911.57,3958.18,7,2022,Tue
2022-07-13,3648.49,4515.97,2752.91,3634.44,7,2022,Wed
2022-07-14,2825.64,3680.77,2450.96,3065.86,7,2022,Thu
2022-07-15,4163.28,5509.83,3662.81,4586.32,7,2022,Fri
2022-07-16,2385.05,3176.22,2009.31,2592.77,7,2022,Sat
2022-07-17,3737.0,4309.37,2936.9,3623.13,7,2022,Sun
2022-07-18,3903.93,4933.13,3120.76,4026.95,7,2022,Mon
2022-07-19,3152.29,3767.1,2656.57,3211.83,7,2022,Tue
2022-07-20,2932.77,3884.7,2522.72,3203.71,7,2022,Wed
2022-07-21,3971.81,4780.54,3213.72,3997.13,7,2022,Thu
2022-07-22,3457.21,4360.93,2604.43,3482.68,7,2022,Fri
2022-07-23,3478.64,4040.75,3029.46,3535.11,7,2022,Sat
2022-07-24,3142.32,4041.86,2308.18,3175.02,7,2022,Sun
2022-07-25,3976.86,4783.94,3437.57,4110.75,7,2022,Mon
2022-07-26,3686.58,4840.1,2736.72,3788.41,7,2022,Tue
2022-07-27,3327.61,4002.84,2586.86,3294.85,7,2022,Wed
2022-07-28,2968.27,3874.06,2490.18,3182.12,7,2022,Thu
2022-07-29,3551.28,4235.31,2488.65,3361.98,7,2022,Fri
2022-07-30,3753.3,4345.3,2767.83,3556.57,7,2022,Sat
2022-07-31,3223.46,3764.38,2485.75,3125.07,7,2022,Sun
2022-08-01,2918.08,3466.0,2145.34,2805.67,8,2022,Mon
2022-08-02,3356.08,4437.95,2737.24,3587.6,8,2022,Tue
2022-08-03,3216.87,3964.37,2485.37,3224.87,8,2022,Wed
2022-08-04,3613.19,4682.56,3019.98,3851.27,8,2022,Thu
2022-08-05,3984.1,4741.53,2921.81,3831.67,8,2022,Fri
2022-08-06,3817.83,4998.35,3296.2,4147.28,8,2022,Sat
2022-08-07,3065.74,3693.69,2286.59,2990.14,8,2022,Sun
2022-08-08,3578.23,4402.69,2649.48,3526.08,8,2022,Mon
2022-08-09,2863.94,3313.65,2088.24,2700.94,8,2022,Tue
2022-08-10,3530.87,4209.46,3054.67,3632.06,8,2022,Wed
2022-08-11,4022.1,4808.55,2852.06,3830.3,8,2022,Thu
2022-08-12,3957.96,5041.59,3312.0,4176.79,8,2022,Fri
2022-08-13,3237.05,4330.22,2690.34,3510.28,8,2022,Sat
2022-08-14,3608.18,4530.04,3009.44,3769.74,8,2022,Sun
2022-08-15,3765.21,4546.75,2715.51,3631.13,8,2022,Mon
2022-08-16,2963.54,3707.55,2385.28,3046.42,8,2022,Tue
2022-08-17,3436.73,4579.89,2558.33,3569.11,8,2022,Wed
2022-08-18,3744.6,4698.04,2748.29,3723.16,8,2022,Thu
2022-08-19,3643.72,4716.31,3152.6,3934.46,8,2022,Fri
2022-08-20,4319.51,5518.8,3392.15,4455.48,8,2022,Sat
2022-08-21,3703.63,4564.63,3176.22,3870.42,8,2022,Sun
2022-08-22,3666.62,4497.32,3213.41,3855.37,8,2022,Mon
2022-08-23,3602.58,4697.91,2740.25,3719.08,8,2022,Tue
2022-08-24,3953.42,5202.38,2784.8,3993.59,8,2022,Wed
2022-08-25,2932.57,3702.96,2314.41,3008.69,8,2022,Thu
2022-08-26,3220.86,4261.26,2272.51,3266.89,8,2022,Fri
2022-08-27,3189.11,3699.93,2662.74,3181.33,8,2022,Sat
2022-08-28,3150.99,4093.81,2708.04,3400.92,8,2022,Sun
2022-08-29,3051.24,3984.48,2270.82,3127.65,8,2022,Mon
2022-08-30,2877.47,3860.71,2381.98,3121.34,8,2022,Tue
2022-08-31,3571.29,4486.7,2805.98,3646.34,8,2022,Wed
2022-09-01,3476.4,4137.98,2989.18,3563.58,9,2022,Thu
2022-09-02,3391.0,4292.06,2459.78,3375.92,9,2022,Fri
2022-09-03,3003.08,4007.25,2281.71,3144.48,9,2022,Sat
2022-09-04,3609.44,4215.83,2604.64,3410.23,9,2022,Sun
2022-09-05,3422.48,3986.54,2477.39,3231.96,9,2022,Mon
2022-09-06,3310.25,4319.49,2693.1,3506.3,9,2022,Tue
2022-09-07,3630.99,4554.8,3007.53,3781.17,9,2022,Wed
2022-09-08,3450.19,4290.41,2520.53,3405.47,9,2022,Thu
2022-09-09,3295.21,3890.67,2452.77,3171.72,9,2022,Fri
2022-09-10,3603.66,4638.67,3078.08,3858.37,9,2022,Sat
2022-09-11,3131.64,3794.09,2314.26,3054.17,9,2022,Sun
2022-09-12,3376.86,4082.64,2709.56,3396.1,9,2022,Mon
2022-09-13,4228.26,5388.38,3424.3,4406.34,9,2022,Tue
2022-09-14,3243.73,4180.22,2664.58,3422.4,9,2022,Wed
2022-09-15,3403.48,4218.17,2633.03,3425.6,9,2022,Thu
2022-09-16,3141.92,3890.3,2619.49,3254.9,9,2022,Fri
2022-09-17,3212.32,3997.77,2537.27,3267.52,9,2022,Sat
2022-09-18,3838.71,4792.11,3052.39,3922.25,9,2022,Sun
2022-09-19,3239.17,3771.59,2568.09,3169.84,9,2022,Mon
2022-09-20,2766.33,3454.33,2169.63,2811.98,9,2022,Tue
2022-09-21,4193.39,4974.1,3099.11,4036.61,9,2022,Wed
2022-09-22,7521.01,9298.89,6306.09,7802.49,9,2022,Thu
2022-09-23,2911.24,3679.8,2118.72,2899.26,9,2022,Fri
2022-09-24,3169.4,4042.03,2404.7,3223.36,9,2022,Sat
2022-09-25,3235.77,4212.74,2399.39,3306.07,9,2022,Sun
2022-09-26,3924.08,5106.09,3347.05,4226.57,9,2022,Mon
2022-09-27,2931.61,3539.56,2184.28,2861.92,9,2022,Tue
2022-09-28,3746.53,5052.97,3290.39,4171.68,9,2022,Wed
2022-09-29,3890.3,5142.96,3376.5,4259.73,9,2022,Thu
2022-09-30,4209.94,5542.67,3176.72,4359.69,9,2022,Fri
2022-10-01,4086.98,5505.2,3527.47,4516.33,10,2022,Sat
2022-10-02,3990.24,4844.83,3186.25,4015.54,10,2022,Sun
2022-10-03,4317.64,5515.07,3339.69,4427.38,10,2022,Mon
2022-10-04,4809.84,5849.41,3477.04,4663.22,10,2022,Tue
2022-10-05,4433.84,5494.66,3285.55,4390.1,10,2022,Wed
2022-10-06,4005.69,4623.49,3032.08,3827.79,10,2022,Thu
2022-10-07,3659.17,4409.32,2604.2,3506.76,10,2022,Fri
2022-10-08,3902.27,4504.56,3327.78,3916.17,10,2022,Sat
2022-10-09,3824.33,4738.11,2981.88,3860.0,10,2022,Sun
2022-10-10,4772.03,6340.17,3349.88,4845.03,10,2022,Mon
2022-10-11,3928.22,4949.16,2855.84,3902.5,10,2022,Tue
2022-10-12,4430.11,5736.82,3579.07,4657.95,10,2022,Wed
2022-10-13,3511.54,4249.15,2759.73,3504.44,10,2022,Thu
2022-10-14,4689.2,5435.68,3579.72,4507.7,10,2022,Fri
2022-10-15,3489.38,4319.28,2847.06,3583.17,10,2022,Sat
2022-10-16,3210.9,4213.04,2658.97,3436.0,10,2022,Sun
2022-10-17,4554.94,5787.87,3389.79,4588.83,10,2022,Mon
2022-10-18,3901.26,4841.39,3021.56,3931.47,10,2022,Tue
2022-10-19,3780.27,5047.18,2783.19,3915.19,10,2022,Wed
2022-10-20,4289.39,5726.3,3737.54,4731.92,10,2022,Thu
2022-10-21,3967.38,5332.32,3424.1,4378.21,10,2022,Fri
2022-10-22,3356.47,3912.41,2862.94,3387.67,10,2022,Sat
2022-10-23,4208.12,5190.51,3378.83,4284.67,10,2022,Sun
2022-10-24,3877.52,4517.32,3223.62,3870.47,10,2022,Mon
2022-10-25,3198.52,4004.44,2418.72,3211.58,10,2022,Tue
2022-10-26,3720.35,4552.95,2721.31,3637.13,10,2022,Wed
2022-10-27,3246.22,4345.11,2701.33,3523.22,10,2022,Thu
2022-10-28,3360.9,4119.26,2867.89,3493.58,10,2022,Fri
2022-10-29,3398.28,4537.84,2536.55,3537.19,10,2022,Sat
2022-10-30,3148.19,3715.25,2253.83,2984.54,10,2022,Sun
2022-10-31,3680.36,4284.86,2891.13,3587.99,10,2022,Mon
2022-11-01,3974.25,4836.7,3386.96,4111.83,11,2022,Tue
2022-11-02,4012.54,4972.65,3497.07,4234.86,11,2022,Wed
2022-11-03,3778.11,5013.63,2977.41,3995.52,11,2022,Thu
2022-11-04,3749.09,4826.97,2656.33,3741.65,11,2022,Fri
2022-11-05,3717.11,4602.58,2879.21,3740.9,11,2022,Sat
2022-11-06,3475.28,4018.85,2817.03,3417.94,11,2022,Sun
2022-11-07,3360.95,3938.14,2361.0,3149.57,11,2022,Mon
2022-11-08,4768.72,5859.87,4033.64,4946.75,11,2022,Tue
2022-11-09,3924.8,4979.4,2762.78,3871.09,11,2022,Wed
2022-11-10,4004.4,4942.46,2875.37,3908.91,11,2022,Thu
2022-11-11,4058.88,4685.78,3280.57,3983.18,11,2022,Fri
2022-11-12,3650.57,4773.16,2970.92,3872.04,11,2022,Sat
2022-11-13,3354.42,3885.99,2616.74,3251.37,11,2022,Sun
2022-11-14,4158.48,5061.93,3650.21,4356.07,11,2022,Mon
2022-11-15,3903.07,5146.32,2959.71,4053.01,11,2022,Tue
2022-11-16,3359.67,4182.71,2430.94,3306.83,11,2022,Wed
2022-11-17,3985.67,4655.82,3093.9,3874.86,11,2022,Thu
2022-11-18,4100.92,5512.57,3061.71,4287.14,11,2022,Fri
2022-11-19,3582.15,4440.61,2687.72,3564.16,11,2022,Sat
2022-11-20,2616.27,3286.41,2291.26,2788.84,11,2022,Sun
2022-11-21,3720.47,4301.66,2866.74,3584.2,11,2022,Mon
2022-11-22,4312.37,5115.61,3542.47,4329.04,11,2022,Tue
2022-11-23,4050.9,4941.18,3358.26,4149.72,11,2022,Wed
2022-11-24,3567.9,4711.49,2864.85,3788.17,11,2022,Thu
2022-11-25,4111.43,5009.9,2906.84,3958.37,11,2022,Fri
2022-11-26,3118.57,3735.09,2602.38,3168.74,11,2022,Sat
2022-11-27,3598.19,4812.15,2911.57,3861.86,11,2022,Sun
2022-11-28,3672.02,4951.94,2796.16,3874.05,11,2022,Mon
2022-11-29,4078.83,5125.66,2985.8,4055.73,11,2022,Tue
2022-11-30,10975.06,12000.0,8205.21,10102.61,11,2022,Wed
2022-12-01,3906.08,4679.68,2926.84,3803.26,12,2022,Thu
2022-12-02,4058.46,4974.55,3122.3,4048.43,12,2022,Fri
2022-12-03,2902.65,3390.14,2045.02,2717.58,12,2022,Sat
2022-12-04,3239.89,4367.9,2809.42,3588.66,12,2022,Sun
2022-12-05,4061.85,4926.68,3409.15,4167.91,12,2022,Mon
2022-12-06,4205.89,5590.05,3272.95,4431.5,12,2022,Tue
2022-12-07,4116.26,4987.64,3569.88,4278.76,12,2022,Wed
2022-12-08,3275.98,4271.94,2348.18,3310.06,12,2022,Thu
2022-12-09,3700.12,4825.1,3122.39,3973.74,12,2022,Fri
2022-12-10,4447.98,5202.25,3334.5,4268.38,12,2022,Sat
2022-12-11,3899.45,4833.93,2915.77,3874.85,12,2022,Sun
2022-12-12,4357.07,5776.96,3261.97,4519.46,12,2022,Mon
2022-12-13,4215.99,5124.8,3332.54,4228.67,12,2022,Tue
2022-12-14,3693.22,4618.5,2686.17,3652.34,12,2022,Wed
2022-12-15,5303.55,6537.59,4499.03,5518.31,12,2022,Thu
2022-12-16,4078.73,5330.67,3565.49,4448.08,12,2022,Fri
2022-12-17,3416.06,4288.15,2495.76,3391.96,12,2022,Sat
2022-12-18,3866.2,4649.84,3353.27,4001.56,12,2022,Sun
2022-12-19,5683.41,7355.51,4038.59,5697.05,12,2022,Mon
2022-12-20,3669.12,4269.04,2906.69,3587.86,12,2022,Tue
2022-12-21,4038.9,4740.6,3508.47,4124.54,12,2022,Wed
2022-12-22,4180.83,5078.26,3368.8,4223.53,12,2022,Thu
2022-12-23,4372.45,5164.99,3142.68,4153.84,12,2022,Fri
2022-12-24,4395.07,5865.1,3145.98,4505.54,12,2022,Sat
2022-12-25,5214.79,6985.21,3945.77,5465.49,12,2022,Sun
2022-12-26,3709.79,4575.03,2723.76,3649.39,12,2022,Mon
2022-12-27,4277.11,5521.98,3045.68,4283.83,12,2022,Tue
2022-12-28,4375.21,5328.15,3578.85,4453.5,12,2022,Wed
2022-12-29,3254.69,4230.12,2791.64,3510.88,12,2022,Thu
2022-12-30,3972.55,4861.08,3164.89,4012.99,12,2022,Fri
2022-12-31,4102.01,5019.94,3059.35,4039.65,12,2022,Sat
2023-01-01,3910.75,4702.21,3178.86,3940.54,1,2023,Sun
2023-01-02,4121.6,5179.95,3457.76,4318.86,1,2023,Mon
2023-01-03,4275.74,5743.34,3394.75,4569.04,1,2023,Tue
2023-01-04,3966.34,4607.87,3082.79,3845.33,1,2023,Wed
2023-01-05,4606.32,5719.55,3301.35,4510.45,1,2023,Thu
2023-01-06,3739.84,4862.92,2959.64,3911.28,1,2023,Fri
2023-01-07,3580.21,4567.59,2900.82,3734.21,1,2023,Sat
2023-01-08,3870.13,5123.32,2734.47,3928.9,1,2023,Sun
2023-01-09,4306.69,5693.75,3517.33,4605.54,1,2023,Mon
2023-01-10,4482.9,5459.3,3705.92,4582.61,1,2023,Tue
2023-01-11,3750.03,4978.56,3140.87,4059.71,1,2023,Wed
2023-01-12,3759.48,5054.3,3110.87,4082.58,1,2023,Thu
2023-01-13,3510.54,4247.14,2482.36,3364.75,1,2023,Fri
2023-01-14,3201.03,3684.29,2661.04,3172.67,1,2023,Sat
2023-01-15,3382.38,4208.79,2663.58,3436.19,1,2023,Sun
2023-01-16,4788.01,6005.8,3723.19,4864.5,1,2023,Mon
2023-01-17,4817.29,6498.53,3440.38,4969.45,1,2023,Tue
2023-01-18,4259.56,5198.47,3202.1,4200.29,1,2023,Wed
2023-01-19,4506.84,5630.2,3900.51,4765.35,1,2023,Thu
2023-01-20,4362.2,5368.36,3116.57,4242.47,1,2023,Fri
2023-01-21,3929.67,4683.35,2890.91,3787.13,1,2023,Sat
2023-01-22,3587.25,4541.77,2754.33,3648.05,1,2023,Sun
2023-01-23,4829.07,5967.17,3979.91,4973.54,1,2023,Mon
2023-01-24,4598.63,5810.6,3276.27,4543.43,1,2023,Tue
2023-01-25,4420.18,5726.68,3323.32,4525.0,1,2023,Wed
2023-01-26,4818.08,6371.95,4097.27,5234.61,1,2023,Thu
2023-01-27,3904.48,4534.1,3333.07,3933.59,1,2023,Fri
2023-01-28,2778.22,3431.79,2342.58,2887.19,1,2023,Sat
2023-01-29,4831.78,6512.36,3512.82,5012.59,1,2023,Sun
2023-01-30,4670.33,5817.03,4014.33,4915.68,1,2023,Mon
2023-01-31,4488.84,5398.57,3480.39,4439.48,1,2023,Tue
2023-02-01,5738.67,7129.99,4354.74,5742.37,2,2023,Wed
2023-02-02,5032.58,6154.89,3658.63,4906.76,2,2023,Thu
2023-02-03,3330.74,3919.47,2747.51,3333.49,2,2023,Fri
2023-02-04,3638.6,4293.98,2552.66,3423.32,2,2023,Sat
2023-02-05,3782.95,5097.29,2678.63,3887.96,2,2023,Sun
2023-02-06,5025.48,6374.45,4201.77,5288.11,2,2023,Mon
2023-02-07,8656.41,10985.31,7603.99,9294.65,2,2023,Tue
2023-02-08,4297.09,5048.15,3437.44,4242.8,2,2023,Wed
2023-02-09,4745.92,6172.62,4084.62,5128.62,2,2023,Thu
2023-02-10,3770.89,4755.75,2841.49,3798.62,2,2023,Fri
2023-02-11,4687.8,6030.29,4103.82,5067.06,2,2023,Sat
2023-02-12,3846.71,4798.47,2766.98,3782.73,2,2023,Sun
2023-02-13,5067.81,5896.26,4397.15,5146.71,2,2023,Mon
2023-02-14,3882.58,5059.26,2785.55,3922.4,2,2023,Tue
2023-02-15,4206.11,4894.75,3468.07,4181.41,2,2023,Wed
2023-02-16,4411.51,5803.96,3658.48,4731.22,2,2023,Thu
2023-02-17,3616.79,4663.69,3154.77,3909.23,2,2023,Fri
2023-02-18,3342.75,4136.41,2794.88,3465.65,2,2023,Sat
2023-02-19,3171.45,3775.55,2527.96,3151.75,2,2023,Sun
2023-02-20,3983.2,4619.77,3078.09,3848.93,2,2023,Mon
2023-02-21,4101.18,5255.53,3402.5,4329.01,2,2023,Tue
2023-02-22,4539.61,5787.79,3616.94,4702.37,2,2023,Wed
2023-02-23,3955.82,4765.31,3144.61,3954.96,2,2023,Thu
2023-02-24,3270.26,3819.93,2637.82,3228.87,2,2023,Fri
2023-02-25,3305.27,4348.05,2666.77,3507.41,2,2023,Sat
2023-02-26,3669.63,4547.59,3139.51,3843.55,2,2023,Sun
2023-02-27,3543.93,4336.52,2512.89,3424.71,2,2023,Mon
2023-02-28,4484.79,5492.42,3901.53,4696.98,2,2023,Tue
2023-03-01,4977.43,5829.32,3787.3,4808.31,3,2023,Wed
2023-03-02,4413.8,5757.81,3727.4,4742.61,3,2023,Thu
2023-03-03,4390.28,5093.55,3802.84,4448.2,3,2023,Fri
2023-03-04,4646.43,5856.59,3429.59,4643.09,3,2023,Sat
2023-03-05,5031.13,5819.88,4140.33,4980.11,3,2023,Sun
2023-03-06,5521.72,6656.1,3918.2,5287.15,3,2023,Mon
2023-03-07,5372.8,6750.83,4382.15,5566.49,3,2023,Tue
2023-03-08,5620.65,6598.02,4032.34,5315.18,3,2023,Wed
2023-03-09,4287.93,5056.19,3176.53,4116.36,3,2023,Thu
2023-03-10,4540.49,5369.77,3638.73,4504.25,3,2023,Fri
2023-03-11,4988.42,6646.77,3627.47,5137.12,3,2023,Sat
2023-03-12,4742.92,6240.81,3858.99,5049.9,3,2023,Sun
2023-03-13,3945.67,5082.42,2773.68,3928.05,3,2023,Mon
2023-03-14,6261.36,8179.17,4808.16,6493.66,3,2023,Tue
2023-03-15,4927.83,6166.88,3837.1,5001.99,3,2023,Wed
2023-03-16,5884.15,7387.61,4516.38,5952.0,3,2023,Thu
2023-03-17,5447.75,6613.21,4101.68,5357.45,3,2023,Fri
2023-03-18,5251.77,6715.69,4574.29,5644.99,3,2023,Sat
2023-03-19,4269.74,4931.59,3190.48,4061.03,3,2023,Sun
2023-03-20,5682.85,7237.31,4671.85,5954.58,3,2023,Mon
2023-03-21,6043.71,7680.28,4661.46,6170.87,3,2023,Tue
2023-03-22,4640.21,5944.1,4079.67,5011.89,3,2023,Wed
2023-03-23,5062.11,6581.77,4296.82,5439.29,3,2023,Thu
2023-03-24,5280.36,6808.2,4512.67,5660.44,3,2023,Fri
2023-03-25,4490.8,5233.34,3300.88,4267.11,3,2023,Sat
2023-03-26,4521.85,5502.51,3300.4,4401.46,3,2023,Sun
2023-03-27,5778.85,7532.91,4974.22,6253.57,3,2023,Mon
2023-03-28,4930.39,5961.22,4261.81,5111.52,3,2023,Tue
2023-03-29,4105.4,5495.08,3576.3,4535.69,3,2023,Wed
2023-03-30,5237.59,6501.68,4376.65,5439.17,3,2023,Thu
2023-03-31,4659.52,5930.82,3456.71,4693.76,3,2023,Fri
2023-04-01,5479.36,7272.92,4643.58,5958.25,4,2023,Sat
2023-04-02,3976.68,4788.83,3137.47,3963.15,4,2023,Sun
2023-04-03,6236.94,8199.17,5378.66,6788.92,4,2023,Mon
2023-04-04,5670.45,6779.98,4920.41,5850.19,4,2023,Tue
2023-04-05,4989.22,6296.76,3800.13,5048.45,4,2023,Wed
2023-04-06,5909.65,6893.52,4664.97,5779.25,4,2023,Thu
2023-04-07,5655.59,7093.21,4395.22,5744.21,4,2023,Fri
2023-04-08,4596.8,6042.9,3381.91,4712.4,4,2023,Sat
2023-04-09,5736.28,7256.25,4906.39,6081.32,4,2023,Sun
2023-04-10,6353.87,8233.87,5361.24,6797.55,4,2023,Mon
2023-04-11,6077.81,8196.65,4714.13,6455.39,4,2023,Tue
2023-04-12,6084.98,7548.87,5274.77,6411.82,4,2023,Wed
2023-04-13,5781.66,6771.41,4282.12,5526.77,4,2023,Thu
2023-04-14,6553.85,8053.48,4877.87,6465.68,4,2023,Fri
2023-04-15,4633.51,6158.09,3301.94,4730.01,4,2023,Sat
2023-04-16,4353.35,5541.19,3397.83,4469.51,4,2023,Sun
2023-04-17,5379.93,6813.14,4251.1,5532.12,4,2023,Mon
2023-04-18,6305.28,8191.38,4801.14,6496.26,4,2023,Tue
2023-04-19,5146.37,6076.32,4142.23,5109.27,4,2023,Wed
2023-04-20,5482.97,6567.27,4500.71,5533.99,4,2023,Thu
2023-04-21,5504.7,7374.81,4231.11,5802.96,4,2023,Fri
2023-04-22,5163.7,6841.74,3768.75,5305.25,4,2023,Sat
2023-04-23,5903.48,7253.37,5057.7,6155.54,4,2023,Sun
2023-04-24,5256.78,6453.09,4448.36,5450.72,4,2023,Mon
2023-04-25,5027.49,6679.01,3727.34,5203.17,4,2023,Tue
2023-04-26,5252.1,7060.91,3910.22,5485.56,4,2023,Wed
2023-04-27,4448.32,5316.98,3516.72,4416.85,4,2023,Thu
2023-04-28,12000.0,12000.0,9506.54,10753.27,4,2023,Fri
2023-04-29,5446.6,6710.59,3977.27,5343.93,4,2023,Sat
2023-04-30,4302.49,5065.46,3316.45,4190.96,4,2023,Sun
2023-05-01,12000.0,12000.0,9598.89,10799.45,5,2023,Mon
2023-05-02,6938.95,8618.23,5083.99,6851.11,5,2023,Tue
2023-05-03,6044.89,7647.14,4332.73,5989.94,5,2023,Wed
2023-05-04,6109.43,7960.36,4673.12,6316.74,5,2023,Thu
2023-05-05,5274.96,6263.13,4164.4,5213.76,5,2023,Fri
2023-05-06,5193.11,6724.05,4417.93,5570.99,5,2023,Sat
2023-05-07,4673.46,6119.91,4003.02,5061.46,5,2023,Sun
2023-05-08,6549.28,8219.47,5354.05,6786.76,5,2023,Mon
2023-05-09,5266.66,6389.26,3755.35,5072.3,5,2023,Tue
2023-05-10,6670.48,8572.03,5679.26,7125.64,5,2023,Wed
2023-05-11,4104.04,5375.9,3528.39,4452.15,5,2023,Thu
2023-05-12,6237.44,7615.57,5094.41,6354.99,5,2023,Fri
2023-05-13,5388.2,6342.15,3885.17,5113.66,5,2023,Sat
2023-05-14,4643.27,5666.1,3431.35,4548.72,5,2023,Sun
2023-05-15,5967.88,7506.6,5181.86,6344.23,5,2023,Mon
2023-05-16,5722.97,6667.42,4768.2,5717.81,5,2023,Tue
2023-05-17,4948.69,6264.71,4022.38,5143.55,5,2023,Wed
2023-05-18,5512.51,7188.75,4849.25,6019.0,5,2023,Thu
2023-05-19,6772.25,8595.15,4885.67,6740.41,5,2023,Fri
2023-05-20,4318.64,5597.85,3165.93,4381.89,5,2023,Sat
2023-05-21,4999.6,6622.72,4123.83,5373.27,5,2023,Sun
2023-05-22,6121.54,7723.76,4596.39,6160.07,5,2023,Mon
2023-05-23,6647.99,8872.82,4998.0,6935.41,5,2023,Tue
2023-05-24,6330.46,8490.23,5548.88,7019.56,5,2023,Wed
2023-05-25,5426.71,6479.48,4592.37,5535.92,5,2023,Thu
2023-05-26,4605.37,5711.78,3607.4,4659.59,5,2023,Fri
2023-05-27,6002.84,7675.43,4904.13,6289.78,5,2023,Sat
2023-05-28,5025.05,5824.7,4229.33,5027.01,5,2023,Sun
2023-05-29,6176.14,7405.63,4556.12,5980.87,5,2023,Mon
2023-05-30,6202.57,7212.61,5198.69,6205.65,5,2023,Tue
2023-05-31,5793.0,7161.68,4904.98,6033.33,5,2023,Wed
2023-06-01,6194.78,8288.05,5073.25,6680.65,6,2023,Thu
2023-06-02,5862.82,7279.16,4541.32,5910.24,6,2023,Fri
2023-06-03,4645.99,5439.75,3599.12,4519.44,6,2023,Sat
2023-06-04,5327.7,6720.29,4621.93,5671.11,6,2023,Sun
2023-06-05,5305.15,6586.6,3732.95,5159.78,6,2023,Mon
2023-06-06,4439.35,5349.04,3428.23,4388.63,6,2023,Tue
2023-06-07,12000.0,12000.0,8602.1,10301.05,6,2023,Wed
2023-06-08,5695.86,7174.96,4214.53,5694.74,6,2023,Thu
2023-06-09,5325.23,6239.37,3849.26,5044.32,6,2023,Fri
2023-06-10,4725.41,6017.96,3826.88,4922.42,6,2023,Sat
2023-06-11,6396.91,8603.2,4712.74,6657.97,6,2023,Sun
2023-06-12,4646.67,5700.49,4031.56,4866.03,6,2023,Mon
2023-06-13,5383.37,6599.07,4397.03,5498.05,6,2023,Tue
2023-06-14,5916.13,7895.51,4745.96,6320.74,6,2023,Wed
2023-06-15,4575.54,5749.97,3757.58,4753.78,6,2023,Thu
2023-06-16,5775.96,6924.36,4931.46,5927.91,6,2023,Fri
2023-06-17,4933.82,6660.06,3460.32,5060.19,6,2023,Sat
2023-06-18,4814.75,5594.73,3881.47,4738.1,6,2023,Sun
2023-06-19,5649.56,6909.63,4663.78,5786.7,6,2023,Mon
2023-06-20,4503.02,5685.64,3866.94,4776.29,6,2023,Tue
2023-06-21,5555.7,6746.38,3974.88,5360.63,6,2023,Wed
2023-06-22,10329.88,12000.0,7644.6,9822.3,6,2023,Thu
2023-06-23,4816.86,5812.61,3734.46,4773.54,6,2023,Fri
2023-06-24,5334.32,7156.2,4574.46,5865.33,6,2023,Sat
2023-06-25,4918.28,5801.55,4251.41,5026.48,6,2023,Sun
2023-06-26,5031.62,5944.38,3532.83,4738.6,6,2023,Mon
2023-06-27,4835.83,5658.66,3900.55,4779.6,6,2023,Tue
2023-06-28,5236.17,6357.18,3932.49,5144.83,6,2023,Wed
2023-06-29,4381.43,5449.74,3580.27,4515.01,6,2023,Thu
2023-06-30,5163.05,6459.72,4375.76,5417.74,6,2023,Fri
2023-07-01,3541.13,4579.49,3036.58,3808.04,7,2023,Sat
2023-07-02,2510.83,2937.43,2031.58,2484.5,7,2023,Sun
2023-07-03,4515.99,5248.22,3607.37,4427.79,7,2023,Mon
2023-07-04,3724.1,4871.76,3157.8,4014.78,7,2023,Tue
2023-07-05,3999.85,5050.22,3140.36,4095.29,7,2023,Wed
2023-07-06,3459.19,4655.54,2482.5,3569.02,7,2023,Thu
2023-07-07,4037.51,4840.85,3368.18,4104.51,7,2023,Fri
2023-07-08,3934.47,4988.9,2832.56,3910.73,7,2023,Sat
2023-07-09,3821.48,4618.59,3286.76,3952.67,7,2023,Sun
2023-07-10,3725.38,4491.77,3083.16,3787.47,7,2023,Mon
2023-07-11,4171.28,5069.07,3096.09,4082.58,7,2023,Tue
2023-07-12,3452.35,4297.66,2771.31,3534.49,7,2023,Wed
2023-07-13,3827.37,4605.8,3271.41,3938.61,7,2023,Thu
2023-07-14,3054.36,3995.05,2173.49,3084.27,7,2023,Fri
2023-07-15,3328.7,4484.0,2753.16,3618.58,7,2023,Sat
2023-07-16,10473.8,12000.0,8529.84,10264.92,7,2023,Sun
2023-07-17,3611.85,4706.04,2819.15,3762.6,7,2023,Mon
2023-07-18,3299.59,4400.77,2457.41,3429.09,7,2023,Tue
2023-07-19,3552.54,4546.15,2987.37,3766.76,7,2023,Wed
2023-07-20,3064.45,3902.48,2228.77,3065.62,7,2023,Thu
2023-07-21,4302.44,5462.18,3353.93,4408.06,7,2023,Fri
2023-07-22,4032.83,4939.35,3146.76,4043.06,7,2023,Sat
2023-07-23,2994.7,3882.1,2338.03,3110.06,7,2023,Sun
2023-07-24,3482.72,4573.35,2891.5,3732.42,7,2023,Mon
2023-07-25,3010.69,3665.51,2438.58,3052.04,7,2023,Tue
2023-07-26,4078.26,4871.03,2938.4,3904.72,7,2023,Wed
2023-07-27,3441.96,4482.09,2605.32,3543.71,7,2023,Thu
2023-07-28,3322.96,4184.81,2875.81,3530.31,7,2023,Fri
2023-07-29,2595.59,3226.58,1839.09,2532.84,7,2023,Sat
2023-07-30,2996.23,3600.08,2189.01,2894.55,7,2023,Sun
2023-07-31,3959.82,5313.58,3314.17,4313.88,7,2023,Mon
2023-08-01,3502.43,4259.99,2859.23,3559.61,8,2023,Tue
2023-08-02,4002.61,4844.6,2985.68,3915.14,8,2023,Wed
2023-08-03,3176.49,3939.67,2585.15,3262.41,8,2023,Thu
2023-08-04,3125.56,3763.55,2341.39,3052.47,8,2023,Fri
2023-08-05,3438.19,4181.7,2687.81,3434.76,8,2023,Sat
2023-08-06,3617.74,4552.37,2616.34,3584.36,8,2023,Sun
2023-08-07,3357.83,4148.13,2895.12,3521.62,8,2023,Mon
2023-08-08,3270.08,4232.38,2737.01,3484.69,8,2023,Tue
2023-08-09,4723.62,6166.12,3626.68,4896.4,8,2023,Wed
2023-08-10,3620.95,4885.4,2576.16,3730.78,8,2023,Thu
2023-08-11,3855.4,5000.51,3192.69,4096.6,8,2023,Fri
2023-08-12,3776.6,4343.71,3050.49,3697.1,8,2023,Sat
2023-08-13,2760.16,3276.94,2096.94,2686.94,8,2023,Sun
2023-08-14,3643.6,4857.66,2755.21,3806.44,8,2023,Mon
2023-08-15,3083.39,3633.82,2555.16,3094.49,8,2023,Tue
2023-08-16,4073.64,4763.06,2989.81,3876.43,8,2023,Wed
2023-08-17,4371.49,5889.78,3588.8,4739.29,8,2023,Thu
2023-08-18,4428.13,5692.82,3131.72,4412.27,8,2023,Fri
2023-08-19,3562.46,4099.93,2818.98,3459.46,8,2023,Sat
2023-08-20,3516.08,4389.14,2571.24,3480.19,8,2023,Sun
2023-08-21,3646.07,4723.13,3119.34,3921.24,8,2023,Mon
2023-08-22,3668.97,4362.43,2586.02,3474.22,8,2023,Tue
2023-08-23,3180.58,4069.79,2448.56,3259.18,8,2023,Wed
2023-08-24,3813.23,4502.89,3308.83,3905.86,8,2023,Thu
2023-08-25,3459.99,4613.33,2826.44,3719.88,8,2023,Fri
2023-08-26,3514.58,4044.3,2499.79,3272.04,8,2023,Sat
2023-08-27,3013.69,3677.73,2490.0,3083.86,8,2023,Sun
2023-08-28,3780.77,4458.62,3155.52,3807.07,8,2023,Mon
2023-08-29,8057.84,9718.7,6119.99,7919.35,8,2023,Tue
2023-08-30,3671.63,4780.41,3029.83,3905.12,8,2023,Wed
2023-08-31,3613.42,4644.82,2656.12,3650.47,8,2023,Thu
2023-09-01,3577.83,4428.89,2576.69,3502.79,9,2023,Fri
2023-09-02,3285.58,3886.35,2378.29,3132.32,9,2023,Sat
2023-09-03,3583.71,4375.85,2716.36,3546.1,9,2023,Sun
2023-09-04,3860.29,5148.97,2910.6,4029.79,9,2023,Mon
2023-09-05,3213.25,3917.29,2713.08,3315.19,9,2023,Tue
2023-09-06,3688.16,4957.89,2948.84,3953.36,9,2023,Wed
2023-09-07,3749.66,4340.08,3167.41,3753.75,9,2023,Thu
2023-09-08,3037.62,3836.71,2149.83,2993.27,9,2023,Fri
2023-09-09,2877.75,3350.72,2261.55,2806.13,9,2023,Sat
2023-09-10,2850.09,3385.21,2386.71,2885.96,9,2023,Sun
2023-09-11,3216.25,4316.01,2595.7,3455.85,9,2023,Mon
2023-09-12,3615.08,4666.44,3064.02,3865.23,9,2023,Tue
2023-09-13,4220.82,5127.3,3034.54,4080.92,9,2023,Wed
2023-09-14,3522.84,4245.47,2525.74,3385.61,9,2023,Thu
2023-09-15,3404.3,4342.85,2641.02,3491.93,9,2023,Fri
2023-09-16,2998.58,3659.91,2487.87,3073.89,9,2023,Sat
2023-09-17,3879.82,4839.67,3390.71,4115.19,9,2023,Sun
2023-09-18,3743.92,4664.34,2638.59,3651.46,9,2023,Mon
2023-09-19,3451.64,4146.07,3037.08,3591.58,9,2023,Tue
2023-09-20,3141.34,3651.42,2213.36,2932.39,9,2023,Wed
2023-09-21,4399.95,5881.32,3821.99,4851.66,9,2023,Thu
2023-09-22,3881.94,4690.86,2762.06,3726.46,9,2023,Fri
2023-09-23,2953.44,3446.99,2232.86,2839.92,9,2023,Sat
2023-09-24,3461.79,4471.03,2922.59,3696.81,9,2023,Sun
2023-09-25,3151.58,3880.54,2687.6,3284.07,9,2023,Mon
2023-09-26,3685.92,4934.82,2762.58,3848.7,9,2023,Tue
2023-09-27,3824.59,4678.76,2919.09,3798.92,9,2023,Wed
2023-09-28,3525.13,4260.01,2798.03,3529.02,9,2023,Thu
2023-09-29,4411.74,5212.56,3170.42,4191.49,9,2023,Fri
2023-09-30,3375.32,4418.64,2720.95,3569.8,9,2023,Sat
2023-10-01,3507.94,4057.19,2528.87,3293.03,10,2023,Sun
2023-10-02,3516.38,4392.3,2687.0,3539.65,10,2023,Mon
2023-10-03,3839.35,4935.83,3148.47,4042.15,10,2023,Tue
2023-10-04,4666.14,5912.14,3767.25,4839.69,10,2023,Wed
2023-10-05,4538.43,5849.18,3705.79,4777.48,10,2023,Thu
2023-10-06,4085.74,5428.08,2886.72,4157.4,10,2023,Fri
2023-10-07,3970.88,4969.35,3082.91,4026.13,10,2023,Sat
2023-10-08,3714.95,4610.19,3238.57,3924.38,10,2023,Sun
2023-10-09,4528.49,6043.17,3623.83,4833.5,10,2023,Mon
2023-10-10,4383.08,5521.79,3813.35,4667.57,10,2023,Tue
2023-10-11,4312.44,5078.58,3561.02,4319.8,10,2023,Wed
2023-10-12,4425.44,5744.61,3836.18,4790.4,10,2023,Thu
2023-10-13,4336.59,5587.23,3541.41,4564.32,10,2023,Fri
2023-10-14,4047.1,5077.84,3493.85,4285.84,10,2023,Sat
2023-10-15,3676.18,4606.92,2739.89,3673.41,10,2023,Sun
2023-10-16,4011.27,5141.53,2904.63,4023.08,10,2023,Mon
2023-10-17,3894.27,4711.68,2888.67,3800.18,10,2023,Tue
2023-10-18,3281.91,3811.81,2799.64,3305.72,10,2023,Wed
2023-10-19,4382.62,5617.65,3385.44,4501.54,10,2023,Thu
2023-10-20,4037.12,4712.42,3464.36,4088.39,10,2023,Fri
2023-10-21,3876.69,4894.34,3102.77,3998.56,10,2023,Sat
2023-10-22,2637.21,3072.85,2112.8,2592.82,10,2023,Sun
2023-10-23,3564.13,4103.8,2877.4,3490.6,10,2023,Mon
2023-10-24,4133.53,4786.98,3164.57,3975.77,10,2023,Tue
2023-10-25,4004.39,5148.91,3348.39,4248.65,10,2023,Wed
2023-10-26,3869.68,4985.6,3098.31,4041.96,10,2023,Thu
2023-10-27,3948.08,5322.69,3319.59,4321.14,10,2023,Fri
2023-10-28,3282.94,3788.81,2765.99,3277.4,10,2023,Sat
2023-10-29,4570.33,5262.01,3436.32,4349.17,10,2023,Sun
2023-10-30,4016.69,5117.04,3029.5,4073.27,10,2023,Mon
2023-10-31,3541.06,4383.27,2763.73,3573.5,10,2023,Tue
2023-11-01,4193.95,5286.62,3262.14,4274.38,11,2023,Wed
2023-11-02,3128.64,4181.19,2507.84,3344.51,11,2023,Thu
2023-11-03,3555.35,4684.76,2849.03,3766.9,11,2023,Fri
2023-11-04,3933.38,5055.49,3281.63,4168.56,11,2023,Sat
2023-11-05,3793.12,4808.36,2656.87,3732.62,11,2023,Sun
2023-11-06,3033.28,3566.62,2569.02,3067.82,11,2023,Mon
2023-11-07,3456.88,4246.46,2951.34,3598.9,11,2023,Tue
2023-11-08,3974.83,4571.56,3243.76,3907.66,11,2023,Wed
2023-11-09,4442.89,5550.56,3757.75,4654.15,11,2023,Thu
2023-11-10,4054.06,5439.8,3353.96,4396.88,11,2023,Fri
2023-11-11,2979.43,3973.91,2490.71,3232.31,11,2023,Sat
2023-11-12,3066.28,3859.44,2568.83,3214.14,11,2023,Sun
2023-11-13,3815.13,4471.07,2932.19,3701.63,11,2023,Mon
2023-11-14,3977.86,4660.93,2894.43,3777.68,11,2023,Tue
2023-11-15,3717.41,4311.25,2613.22,3462.24,11,2023,Wed
2023-11-16,3234.36,4175.64,2727.08,3451.36,11,2023,Thu
2023-11-17,4615.57,5450.47,3483.11,4466.79,11,2023,Fri
2023-11-18,3514.89,4664.88,2602.93,3633.9,11,2023,Sat
2023-11-19,3053.15,3804.27,2685.48,3244.87,11,2023,Sun
2023-11-20,4648.58,6148.85,3716.89,4932.87,11,2023,Mon
2023-11-21,3279.3,3963.02,2767.21,3365.11,11,2023,Tue
2023-11-22,3341.76,4259.2,2648.6,3453.9,11,2023,Wed
2023-11-23,4482.33,5965.54,3286.45,4625.99,11,2023,Thu
2023-11-24,4353.54,5756.02,3425.9,4590.96,11,2023,Fri
2023-11-25,3944.37,5137.1,2860.77,3998.94,11,2023,Sat
2023-11-26,3090.99,3753.9,2379.02,3066.46,11,2023,Sun
2023-11-27,4692.5,6095.82,3347.01,4721.41,11,2023,Mon
2023-11-28,3839.31,4723.66,3186.81,3955.23,11,2023,Tue
2023-11-29,4220.23,5182.82,3321.99,4252.4,11,2023,Wed
2023-11-30,3826.08,5015.14,2904.2,3959.67,11,2023,Thu
2023-12-01,4285.81,4966.74,3769.72,4368.23,12,2023,Fri
2023-12-02,3924.17,4737.92,2838.76,3788.34,12,2023,Sat
2023-12-03,3726.58,4982.85,2611.29,3797.07,12,2023,Sun
2023-12-04,3957.45,4708.54,2931.05,3819.8,12,2023,Mon
2023-12-05,4302.69,5477.34,3701.37,4589.35,12,2023,Tue
2023-12-06,4908.34,6003.4,3576.97,4790.18,12,2023,Wed
2023-12-07,4306.58,5488.14,3229.73,4358.93,12,2023,Thu
2023-12-08,4470.93,5739.28,3580.84,4660.06,12,2023,Fri
2023-12-09,3690.86,4718.94,2709.68,3714.31,12,2023,Sat
2023-12-10,4511.55,5728.63,3495.65,4612.14,12,2023,Sun
2023-12-11,3758.24,4939.93,2777.33,3858.63,12,2023,Mon
2023-12-12,4591.91,5534.69,3239.3,4387.0,12,2023,Tue
2023-12-13,4363.78,5063.56,3648.37,4355.96,12,2023,Wed
2023-12-14,3500.37,4198.39,2991.59,3594.99,12,2023,Thu
2023-12-15,4393.41,5324.16,3236.04,4280.1,12,2023,Fri
2023-12-16,4101.81,4847.14,3179.19,4013.17,12,2023,Sat
2023-12-17,3700.92,4413.47,3195.75,3804.61,12,2023,Sun
2023-12-18,4201.32,5033.58,3258.4,4145.99,12,2023,Mon
2023-12-19,5257.3,6445.45,4225.02,5335.24,12,2023,Tue
2023-12-20,5193.85,6280.66,3959.02,5119.84,12,2023,Wed
2023-12-21,3811.24,4628.39,3059.94,3844.16,12,2023,Thu
2023-12-22,4253.75,5519.55,3108.56,4314.05,12,2023,Fri
2023-12-23,3510.67,4166.8,2517.22,3342.01,12,2023,Sat
2023-12-24,4973.47,6331.37,3822.88,5077.12,12,2023,Sun
2023-12-25,4525.85,5288.23,3610.08,4449.15,12,2023,Mon
2023-12-26,4089.42,4947.72,2897.47,3922.6,12,2023,Tue
2023-12-27,3849.64,5107.2,2863.87,3985.54,12,2023,Wed
2023-12-28,4513.19,5245.08,3283.61,4264.34,12,2023,Thu
2023-12-29,3904.62,4833.16,3249.25,4041.2,12,2023,Fri
2023-12-30,4265.65,5752.01,3565.16,4658.58,12,2023,Sat
2023-12-31,3329.6,4315.34,2811.26,3563.3,12,2023,Sun
2024-01-01,4878.96,6233.64,3867.5,5050.57,1,2024,Mon
2024-01-02,3622.52,4759.8,3056.99,3908.39,1,2024,Tue
2024-01-03,3564.61,4605.2,2980.89,3793.04,1,2024,Wed
2024-01-04,3876.34,4902.43,3117.54,4009.99,1,2024,Thu
2024-01-05,3958.42,4754.08,3287.28,4020.68,1,2024,Fri
2024-01-06,3991.37,4758.67,2929.72,3844.19,1,2024,Sat
2024-01-07,3993.71,4664.77,3311.04,3987.9,1,2024,Sun
2024-01-08,4231.59,5128.32,3114.65,4121.49,1,2024,Mon
2024-01-09,4392.2,5446.97,3668.52,4557.75,1,2024,Tue
2024-01-10,3671.18,4413.98,2753.63,3583.8,1,2024,Wed
2024-01-11,4462.84,6014.28,3386.61,4700.44,1,2024,Thu
2024-01-12,5258.44,6108.64,4428.69,5268.66,1,2024,Fri
2024-01-13,3907.48,5010.99,3178.8,4094.9,1,2024,Sat
2024-01-14,3629.79,4668.4,3075.18,3871.79,1,2024,Sun
2024-01-15,4452.02,5747.08,3179.13,4463.1,1,2024,Mon
2024-01-16,4186.17,4885.24,3560.34,4222.79,1,2024,Tue
2024-01-17,3810.69,4782.27,3303.92,4043.1,1,2024,Wed
2024-01-18,3616.0,4410.8,2985.61,3698.21,1,2024,Thu
2024-01-19,3778.28,4362.62,2749.21,3555.91,1,2024,Fri
2024-01-20,4157.71,5320.97,3492.92,4406.94,1,2024,Sat
2024-01-21,4150.19,4785.65,3059.49,3922.57,1,2024,Sun
2024-01-22,3814.38,4401.9,2778.17,3590.04,1,2024,Mon
2024-01-23,4374.37,5849.13,3690.53,4769.83,1,2024,Tue
2024-01-24,4673.6,5901.88,3323.33,4612.61,1,2024,Wed
2024-01-25,4519.79,5584.49,3391.51,4488.0,1,2024,Thu
2024-01-26,4513.96,5884.86,3669.83,4777.34,1,2024,Fri
2024-01-27,3668.52,4749.21,2927.83,3838.52,1,2024,Sat
2024-01-28,3618.57,4838.47,2939.67,3889.07,1,2024,Sun
2024-01-29,4562.53,5624.45,3579.91,4602.18,1,2024,Mon
2024-01-30,4711.75,6064.58,3332.1,4698.34,1,2024,Tue
2024-01-31,3883.6,4996.3,3167.82,4082.06,1,2024,Wed
2024-02-01,4135.03,5548.47,3272.88,4410.68,2,2024,Thu
2024-02-02,3731.87,4467.99,2802.62,3635.3,2,2024,Fri
2024-02-03,4441.44,5433.43,3421.56,4427.5,2,2024,Sat
2024-02-04,4617.52,6052.92,3595.93,4824.42,2,2024,Sun
2024-02-05,4848.31,6031.27,3418.45,4724.86,2,2024,Mon
2024-02-06,4730.88,6338.67,3587.63,4963.15,2,2024,Tue
2024-02-07,4638.03,5908.95,3636.53,4772.74,2,2024,Wed
2024-02-08,3514.2,4119.71,2535.77,3327.74,2,2024,Thu
2024-02-09,3757.12,4322.14,3274.43,3798.29,2,2024,Fri
2024-02-10,3821.75,4943.41,3304.39,4123.9,2,2024,Sat
2024-02-11,4376.08,5885.34,3094.23,4489.78,2,2024,Sun
2024-02-12,3630.71,4849.85,2708.0,3778.93,2,2024,Mon
2024-02-13,4264.34,5343.95,3386.61,4365.28,2,2024,Tue
2024-02-14,4938.45,5986.45,3812.54,4899.5,2,2024,Wed
2024-02-15,4337.24,5112.17,3668.66,4390.42,2,2024,Thu
2024-02-16,4080.87,4998.55,3347.65,4173.1,2,2024,Fri
2024-02-17,3713.63,4676.96,3147.6,3912.28,2,2024,Sat
2024-02-18,3870.77,5121.36,2978.74,4050.05,2,2024,Sun
2024-02-19,4320.17,5416.37,3447.81,4432.09,2,2024,Mon
2024-02-20,4555.35,5437.11,3899.52,4668.32,2,2024,Tue
2024-02-21,5676.39,6763.25,4545.71,5654.48,2,2024,Wed
2024-02-22,4539.96,5347.03,3921.57,4634.3,2,2024,Thu
2024-02-23,4259.63,5333.19,3009.36,4171.28,2,2024,Fri
2024-02-24,5062.74,6169.14,4135.44,5152.29,2,2024,Sat
2024-02-25,5574.65,6492.28,4088.55,5290.42,2,2024,Sun
2024-02-26,4053.33,4805.48,3480.63,4143.05,2,2024,Mon
2024-02-27,3539.27,4690.07,2665.64,3677.85,2,2024,Tue
2024-02-28,4601.94,6161.42,3813.56,4987.49,2,2024,Wed
2024-02-29,5345.36,7204.56,4652.84,5928.7,2,2024,Thu
2024-03-01,6031.97,7317.42,4363.23,5840.33,3,2024,Fri
2024-03-02,4073.56,4965.56,2917.75,3941.65,3,2024,Sat
2024-03-03,4785.22,5640.19,4171.24,4905.72,3,2024,Sun
2024-03-04,5217.3,6205.43,3723.82,4964.63,3,2024,Mon
2024-03-05,5839.86,6878.66,4606.64,5742.65,3,2024,Tue
2024-03-06,4746.0,5876.51,3818.75,4847.63,3,2024,Wed
2024-03-07,4209.37,4901.25,3113.35,4007.3,3,2024,Thu
2024-03-08,4077.75,5501.92,3573.46,4537.69,3,2024,Fri
2024-03-09,4788.47,5816.62,3556.82,4686.72,3,2024,Sat
2024-03-10,4435.3,5502.6,3375.88,4439.24,3,2024,Sun
2024-03-11,4440.08,5423.22,3788.88,4606.05,3,2024,Mon
2024-03-12,6733.58,7991.6,5313.83,6652.72,3,2024,Tue
2024-03-13,4843.52,6163.11,3620.44,4891.78,3,2024,Wed
2024-03-14,5229.71,6059.14,4192.8,5125.97,3,2024,Thu
2024-03-15,5350.9,6638.09,3830.14,5234.11,3,2024,Fri
2024-03-16,3884.81,4617.78,2939.55,3778.67,3,2024,Sat
2024-03-17,4992.58,6686.95,4080.7,5383.83,3,2024,Sun
2024-03-18,5162.66,6871.69,4088.61,5480.15,3,2024,Mon
2024-03-19,6013.87,7572.83,4343.96,5958.39,3,2024,Tue
2024-03-20,5107.26,6738.35,3923.35,5330.85,3,2024,Wed
2024-03-21,5835.06,7589.66,4226.63,5908.15,3,2024,Thu
2024-03-22,4527.3,5441.63,3365.9,4403.77,3,2024,Fri
2024-03-23,4621.88,6192.95,3791.91,4992.43,3,2024,Sat
2024-03-24,4228.51,5563.19,3606.66,4584.92,3,2024,Sun
2024-03-25,5357.26,6584.19,4521.6,5552.9,3,2024,Mon
2024-03-26,4468.45,5283.09,3599.35,4441.22,3,2024,Tue
2024-03-27,4134.18,4986.91,3411.28,4199.1,3,2024,Wed
2024-03-28,4603.12,5655.26,3758.36,4706.81,3,2024,Thu
2024-03-29,5401.55,6243.19,4176.41,5209.8,3,2024,Fri
2024-03-30,4414.0,5214.03,3447.89,4330.96,3,2024,Sat
2024-03-31,3984.64,5163.51,3011.34,4087.42,3,2024,Sun
2024-04-01,5834.31,7338.71,4732.0,6035.35,4,2024,Mon
2024-04-02,6061.58,7093.2,5077.58,6085.39,4,2024,Tue
2024-04-03,5167.1,6168.76,3917.58,5043.17,4,2024,Wed
2024-04-04,5772.25,7430.91,4981.08,6205.99,4,2024,Thu
2024-04-05,5325.63,6720.65,4021.12,5370.88,4,2024,Fri
2024-04-06,5389.25,6965.07,4478.56,5721.81,4,2024,Sat
2024-04-07,5213.05,6330.34,4425.85,5378.09,4,2024,Sun
2024-04-08,5426.12,7073.34,4059.92,5566.63,4,2024,Mon
2024-04-09,4792.01,5815.57,3771.5,4793.53,4,2024,Tue
2024-04-10,5170.68,6863.6,3978.04,5420.82,4,2024,Wed
2024-04-11,4822.76,6046.56,3791.99,4919.27,4,2024,Thu
2024-04-12,5072.05,6574.53,4122.7,5348.62,4,2024,Fri
2024-04-13,4748.51,5944.47,3341.37,4642.92,4,2024,Sat
2024-04-14,5088.02,6572.98,4290.36,5431.67,4,2024,Sun
2024-04-15,5528.46,6394.76,4251.06,5322.91,4,2024,Mon
2024-04-16,6274.36,7254.72,5171.79,6213.26,4,2024,Tue
2024-04-17,5982.96,7179.53,4767.28,5973.4,4,2024,Wed
2024-04-18,6197.6,7847.24,4345.37,6096.3,4,2024,Thu
2024-04-19,5697.84,7066.37,4201.17,5633.77,4,2024,Fri
2024-04-20,5273.98,6972.21,4068.06,5520.14,4,2024,Sat
2024-04-21,5049.92,5827.0,3902.31,4864.66,4,2024,Sun
2024-04-22,5531.77,7425.86,4576.05,6000.95,4,2024,Mon
2024-04-23,4121.75,5390.47,3297.41,4343.94,4,2024,Tue
2024-04-24,6380.11,8171.62,5498.29,6834.96,4,2024,Wed
2024-04-25,6318.02,8149.52,4973.4,6561.46,4,2024,Thu
2024-04-26,5247.42,6143.82,3799.68,4971.75,4,2024,Fri
2024-04-27,4707.57,5489.75,3908.52,4699.13,4,2024,Sat
2024-04-28,5455.87,6579.56,4328.94,5454.25,4,2024,Sun
2024-04-29,6034.75,7151.19,4335.52,5743.35,4,2024,Mon
2024-04-30,5406.17,6331.5,4382.22,5356.86,4,2024,Tue
2024-05-01,6900.59,8197.98,4906.95,6552.47,5,2024,Wed
2024-05-02,5356.02,6908.48,4093.09,5500.79,5,2024,Thu
2024-05-03,6560.18,8288.86,4811.2,6550.03,5,2024,Fri
2024-05-04,4946.27,6653.62,4071.84,5362.73,5,2024,Sat
2024-05-05,12000.0,12000.0,8730.08,10365.04,5,2024,Sun
2024-05-06,5692.62,7233.28,4165.65,5699.46,5,2024,Mon
2024-05-07,6090.96,8193.81,4299.59,6246.7,5,2024,Tue
2024-05-08,6829.83,7946.04,4992.17,6469.11,5,2024,Wed
2024-05-09,5684.94,7148.25,4650.03,5899.14,5,2024,Thu
2024-05-10,5474.55,6817.22,4333.56,5575.39,5,2024,Fri
2024-05-11,6789.9,8968.77,4778.34,6873.55,5,2024,Sat
2024-05-12,6298.33,7671.69,4578.7,6125.2,5,2024,Sun
2024-05-13,5461.21,7204.62,3892.29,5548.46,5,2024,Mon
2024-05-14,6169.11,8274.24,4628.2,6451.22,5,2024,Tue
2024-05-15,4922.9,5940.11,4169.95,5055.03,5,2024,Wed
2024-05-16,5116.36,6316.57,4332.49,5324.53,5,2024,Thu
2024-05-17,6163.42,8318.47,4845.26,6581.86,5,2024,Fri
2024-05-18,4886.92,5826.77,3457.85,4642.31,5,2024,Sat
2024-05-19,5507.65,6652.25,4549.33,5600.79,5,2024,Sun
2024-05-20,5896.38,7506.71,4265.19,5885.95,5,2024,Mon
2024-05-21,6116.28,8146.63,4519.62,6333.13,5,2024,Tue
2024-05-22,7462.99,8708.33,5311.78,7010.05,5,2024,Wed
2024-05-23,5129.24,6729.13,3962.51,5345.82,5,2024,Thu
2024-05-24,4707.04,5914.9,3877.9,4896.4,5,2024,Fri
2024-05-25,4209.76,5680.91,3212.27,4446.59,5,2024,Sat
2024-05-26,5128.76,6465.85,3907.95,5186.9,5,2024,Sun
2024-05-27,5604.72,7028.72,4728.41,5878.56,5,2024,Mon
2024-05-28,5748.07,6613.8,4664.8,5639.3,5,2024,Tue
2024-05-29,6689.22,8834.63,5160.41,6997.52,5,2024,Wed
2024-05-30,7029.47,8953.5,4995.18,6974.34,5,2024,Thu
2024-05-31,5275.45,6128.81,4396.88,5262.84,5,2024,Fri
2024-06-01,4422.48,5175.87,3843.8,4509.83,6,2024,Sat
2024-06-02,4225.86,5569.9,3011.59,4290.74,6,2024,Sun
2024-06-03,5366.39,6720.09,4540.44,5630.26,6,2024,Mon
2024-06-04,5256.0,6642.06,3900.86,5271.46,6,2024,Tue
2024-06-05,4573.71,5960.49,3923.75,4942.12,6,2024,Wed
2024-06-06,5322.79,6315.91,3791.43,5053.67,6,2024,Thu
2024-06-07,4975.18,6609.5,4101.93,5355.72,6,2024,Fri
2024-06-08,4358.13,5435.59,3632.52,4534.05,6,2024,Sat
2024-06-09,5685.28,7287.92,4981.36,6134.64,6,2024,Sun
2024-06-10,4951.15,6276.84,3596.48,4936.66,6,2024,Mon
2024-06-11,4757.46,5584.14,3768.71,4676.42,6,2024,Tue
2024-06-12,4453.12,5272.23,3697.19,4484.71,6,2024,Wed
2024-06-13,5437.95,6282.15,4317.51,5299.83,6,2024,Thu
2024-06-14,4909.6,6109.11,4180.83,5144.97,6,2024,Fri
2024-06-15,5273.26,6226.93,4374.83,5300.88,6,2024,Sat
2024-06-16,4352.92,5667.76,3453.64,4560.7,6,2024,Sun
2024-06-17,4965.98,6146.99,3637.39,4892.19,6,2024,Mon
2024-06-18,5283.6,6898.59,4457.46,5678.02,6,2024,Tue
2024-06-19,6343.71,7641.8,4975.38,6308.59,6,2024,Wed
2024-06-20,4756.31,5827.06,4078.56,4952.81,6,2024,Thu
2024-06-21,5300.17,6150.62,4418.48,5284.55,6,2024,Fri
2024-06-22,4983.15,6503.24,3967.83,5235.53,6,2024,Sat
2024-06-23,12000.0,12000.0,9058.7,10529.35,6,2024,Sun
2024-06-24,4906.62,5866.78,3957.66,4912.22,6,2024,Mon
2024-06-25,5299.71,6241.05,3935.75,5088.4,6,2024,Tue
2024-06-26,4918.77,6543.89,4179.21,5361.55,6,2024,Wed
2024-06-27,4193.82,5298.77,3561.27,4430.02,6,2024,Thu
2024-06-28,5807.62,7029.3,4108.06,5568.68,6,2024,Fri
2024-06-29,4528.52,6033.79,3259.33,4646.56,6,2024,Sat
2024-06-30,5425.76,6770.65,4339.79,5555.22,6,2024,Sun
2024-07-01,3784.54,5089.2,3094.29,4091.74,7,2024,Mon
2024-07-02,3858.2,4694.87,2804.2,3749.54,7,2024,Tue
2024-07-03,3012.25,3960.81,2336.79,3148.8,7,2024,Wed
2024-07-04,3438.09,4620.35,2514.91,3567.63,7,2024,Thu
2024-07-05,3704.47,4748.04,3254.53,4001.29,7,2024,Fri
2024-07-06,3726.35,4492.95,3043.02,3767.99,7,2024,Sat
2024-07-07,3586.42,4593.9,2856.72,3725.31,7,2024,Sun
2024-07-08,4483.89,6026.47,3509.34,4767.9,7,2024,Mon
2024-07-09,3568.08,4275.62,3052.85,3664.24,7,2024,Tue
2024-07-10,3728.24,4371.06,2803.3,3587.18,7,2024,Wed
2024-07-11,3430.75,4528.89,3016.67,3772.78,7,2024,Thu
2024-07-12,4308.13,5262.47,3387.08,4324.77,7,2024,Fri
2024-07-13,2969.52,3872.59,2088.74,2980.67,7,2024,Sat
2024-07-14,3105.23,3856.95,2246.69,3051.82,7,2024,Sun
2024-07-15,3428.21,4071.15,2866.45,3468.8,7,2024,Mon
2024-07-16,4222.02,5290.81,3622.23,4456.52,7,2024,Tue
2024-07-17,2929.16,3544.47,2277.77,2911.12,7,2024,Wed
2024-07-18,3281.13,3934.25,2346.86,3140.55,7,2024,Thu
2024-07-19,3692.23,4874.16,3071.94,3973.05,7,2024,Fri
2024-07-20,3636.5,4677.55,2698.96,3688.26,7,2024,Sat
2024-07-21,3582.72,4347.36,2929.65,3638.5,7,2024,Sun
2024-07-22,3030.16,3539.26,2484.49,3011.87,7,2024,Mon
2024-07-23,3793.41,4399.34,2675.62,3537.48,7,2024,Tue
2024-07-24,3961.41,4837.29,2968.99,3903.14,7,2024,Wed
2024-07-25,2771.64,3589.67,2081.72,2835.69,7,2024,Thu
2024-07-26,3125.31,3595.12,2567.86,3081.49,7,2024,Fri
2024-07-27,3320.08,4329.22,2756.79,3543.01,7,2024,Sat
2024-07-28,3447.17,4646.89,2563.57,3605.23,7,2024,Sun
2024-07-29,3510.55,4149.75,2874.81,3512.28,7,2024,Mon
2024-07-30,3602.05,4541.3,2894.82,3718.06,7,2024,Tue
2024-07-31,3830.71,4530.01,2932.62,3731.31,7,2024,Wed
2024-08-01,3183.29,4183.72,2273.61,3228.67,8,2024,Thu
2024-08-02,3868.27,4972.97,3258.28,4115.63,8,2024,Fri
2024-08-03,3048.69,3915.75,2556.12,3235.94,8,2024,Sat
2024-08-04,3194.13,4084.5,2743.88,3414.19,8,2024,Sun
2024-08-05,3282.2,4253.62,2417.31,3335.46,8,2024,Mon
2024-08-06,3411.01,4219.15,2499.34,3359.24,8,2024,Tue
2024-08-07,3125.45,3983.76,2707.09,3345.42,8,2024,Wed
2024-08-08,2711.97,3498.39,2055.48,2776.94,8,2024,Thu
2024-08-09,3961.65,4640.19,3467.18,4053.69,8,2024,Fri
2024-08-10,3931.01,5051.49,3082.16,4066.82,8,2024,Sat
2024-08-11,3452.19,4063.94,2757.88,3410.91,8,2024,Sun
2024-08-12,3240.07,3865.63,2815.46,3340.54,8,2024,Mon
2024-08-13,3477.39,4075.0,2824.04,3449.52,8,2024,Tue
2024-08-14,3858.19,4587.5,2884.79,3736.14,8,2024,Wed
2024-08-15,3542.91,4305.32,2653.04,3479.18,8,2024,Thu
2024-08-16,3557.41,4333.19,2931.86,3632.52,8,2024,Fri
2024-08-17,3358.6,3997.18,2351.58,3174.38,8,2024,Sat
2024-08-18,3354.51,4040.8,2948.83,3494.82,8,2024,Sun
2024-08-19,3850.89,4667.28,3017.04,3842.16,8,2024,Mon
2024-08-20,3156.37,3709.51,2280.16,2994.84,8,2024,Tue
2024-08-21,3385.5,4490.58,2435.28,3462.93,8,2024,Wed
2024-08-22,3956.47,5092.87,3422.18,4257.53,8,2024,Thu
2024-08-23,4306.45,5451.32,3331.18,4391.25,8,2024,Fri
2024-08-24,3566.87,4726.03,2672.53,3699.28,8,2024,Sat
2024-08-25,3468.23,4012.68,2603.34,3308.01,8,2024,Sun
2024-08-26,3764.37,4412.87,2724.76,3568.82,8,2024,Mon
2024-08-27,3828.58,5125.8,2712.1,3918.95,8,2024,Tue
2024-08-28,3468.24,4679.98,2644.94,3662.46,8,2024,Wed
2024-08-29,3644.88,4816.03,3029.43,3922.73,8,2024,Thu
2024-08-30,3122.48,4044.87,2666.02,3355.44,8,2024,Fri
2024-08-31,3109.11,3824.34,2444.16,3134.25,8,2024,Sat
2024-09-01,3239.35,4358.54,2526.64,3442.59,9,2024,Sun
2024-09-02,3019.5,3553.28,2275.04,2914.16,9,2024,Mon
2024-09-03,4461.1,5279.59,3400.94,4340.26,9,2024,Tue
2024-09-04,3834.49,4878.93,3306.15,4092.54,9,2024,Wed
2024-09-05,3819.22,4655.45,3079.31,3867.38,9,2024,Thu
2024-09-06,3655.15,4530.04,2915.9,3722.97,9,2024,Fri
2024-09-07,3469.18,4038.23,2638.62,3338.43,9,2024,Sat
2024-09-08,3186.57,4050.24,2465.78,3258.01,9,2024,Sun
2024-09-09,3421.11,4169.15,2540.53,3354.84,9,2024,Mon
2024-09-10,3285.63,4226.51,2329.24,3277.87,9,2024,Tue
2024-09-11,3652.38,4353.22,2705.01,3529.12,9,2024,Wed
2024-09-12,3846.01,4477.97,2717.43,3597.7,9,2024,Thu
2024-09-13,3211.83,4251.74,2312.34,3282.04,9,2024,Fri
2024-09-14,2944.17,3600.19,2316.64,2958.41,9,2024,Sat
2024-09-15,2961.0,3650.99,2600.05,3125.52,9,2024,Sun
2024-09-16,3442.72,4304.55,2722.08,3513.32,9,2024,Mon
2024-09-17,3352.29,4149.06,2511.02,3330.04,9,2024,Tue
2024-09-18,3568.19,4256.39,2953.37,3604.88,9,2024,Wed
2024-09-19,3478.64,4003.5,2714.68,3359.09,9,2024,Thu
2024-09-20,3666.73,4532.52,2620.78,3576.65,9,2024,Fri
2024-09-21,3248.29,3936.02,2857.12,3396.57,9,2024,Sat
2024-09-22,3732.51,5014.21,3195.93,4105.07,9,2024,Sun
2024-09-23,3371.8,3969.85,2775.73,3372.79,9,2024,Mon
2024-09-24,3962.5,4774.2,3455.17,4114.69,9,2024,Tue
2024-09-25,3843.01,4563.6,3021.6,3792.6,9,2024,Wed
2024-09-26,4455.34,5512.91,3286.13,4399.52,9,2024,Thu
2024-09-27,3363.38,4415.96,2796.12,3606.04,9,2024,Fri
2024-09-28,3312.69,4098.62,2664.14,3381.38,9,2024,Sat
2024-09-29,3464.73,4336.26,3011.93,3674.09,9,2024,Sun
2024-09-30,4038.33,4834.99,3190.72,4012.86,9,2024,Mon
2024-10-01,4430.05,5727.66,3320.04,4523.85,10,2024,Tue
2024-10-02,4352.85,5363.82,3362.1,4362.96,10,2024,Wed
2024-10-03,3621.84,4735.06,3127.87,3931.47,10,2024,Thu
2024-10-04,4514.76,5808.05,3761.82,4784.94,10,2024,Fri
2024-10-05,4090.93,4764.86,2871.57,3818.22,10,2024,Sat
2024-10-06,2624.01,3478.88,2037.54,2758.21,10,2024,Sun
2024-10-07,4149.23,5099.27,3129.61,4114.44,10,2024,Mon
2024-10-08,4188.12,4930.76,3516.25,4223.5,10,2024,Tue
2024-10-09,5221.64,6846.18,3772.94,5309.56,10,2024,Wed
2024-10-10,3632.98,4514.38,2955.22,3734.8,10,2024,Thu
2024-10-11,3825.7,4786.25,3288.26,4037.26,10,2024,Fri
2024-10-12,3603.78,4621.63,2597.42,3609.53,10,2024,Sat
2024-10-13,3215.87,3982.88,2618.88,3300.88,10,2024,Sun
2024-10-14,4279.78,5517.39,3446.1,4481.75,10,2024,Mon
2024-10-15,4110.13,4909.06,3380.49,4144.77,10,2024,Tue
2024-10-16,4076.72,4810.31,3291.67,4050.99,10,2024,Wed
2024-10-17,4611.13,6095.77,3929.52,5012.65,10,2024,Thu
2024-10-18,3301.74,4057.06,2905.36,3481.21,10,2024,Fri
2024-10-19,4595.95,5691.72,3439.47,4565.59,10,2024,Sat
2024-10-20,3974.82,4746.64,3144.67,3945.65,10,2024,Sun
2024-10-21,4043.29,5053.16,3040.26,4046.71,10,2024,Mon
2024-10-22,4182.25,5403.61,3358.3,4380.96,10,2024,Tue
2024-10-23,3995.71,5140.47,2952.86,4046.66,10,2024,Wed
2024-10-24,2747.06,3371.96,2388.33,2880.15,10,2024,Thu
2024-10-25,3555.64,4621.5,2916.43,3768.97,10,2024,Fri
2024-10-26,3493.3,4289.54,2546.51,3418.03,10,2024,Sat
2024-10-27,3893.47,4846.89,2964.66,3905.77,10,2024,Sun
2024-10-28,3434.47,4441.91,2581.36,3511.64,10,2024,Mon
2024-10-29,3996.32,5225.24,2977.91,4101.57,10,2024,Tue
2024-10-30,3971.01,4855.59,3297.46,4076.53,10,2024,Wed
2024-10-31,3920.1,5181.07,2781.71,3981.39,10,2024,Thu
2024-11-01,3572.77,4488.47,3015.85,3752.16,11,2024,Fri
2024-11-02,3341.06,4280.3,2754.38,3517.34,11,2024,Sat
2024-11-03,2849.64,3412.68,2497.76,2955.22,11,2024,Sun
2024-11-04,3581.12,4733.29,2663.41,3698.35,11,2024,Mon
2024-11-05,3493.52,4128.46,2545.49,3336.98,11,2024,Tue
2024-11-06,3466.88,4150.31,2432.58,3291.45,11,2024,Wed
2024-11-07,4339.55,5017.52,3522.94,4270.23,11,2024,Thu
2024-11-08,3884.39,4713.35,3329.33,4021.34,11,2024,Fri
2024-11-09,2923.84,3634.4,2156.31,2895.35,11,2024,Sat
2024-11-10,3309.27,4408.38,2449.88,3429.13,11,2024,Sun
2024-11-11,4239.74,5136.19,3221.8,4178.99,11,2024,Mon
2024-11-12,3988.63,5320.36,2866.06,4093.21,11,2024,Tue
2024-11-13,3955.36,5105.4,3021.76,4063.58,11,2024,Wed
2024-11-14,3386.2,4008.17,2657.51,3332.84,11,2024,Thu
2024-11-15,4151.32,4955.14,3401.29,4178.22,11,2024,Fri
2024-11-16,3732.13,4324.69,2907.8,3616.24,11,2024,Sat
2024-11-17,3428.5,4424.06,2648.56,3536.31,11,2024,Sun
2024-11-18,4547.55,5415.55,3777.74,4596.65,11,2024,Mon
2024-11-19,3571.68,4469.27,2813.08,3641.18,11,2024,Tue
2024-11-20,4545.82,6063.64,3869.35,4966.49,11,2024,Wed
2024-11-21,3943.46,5035.81,3192.85,4114.33,11,2024,Thu
2024-11-22,4494.66,5701.03,3166.92,4433.98,11,2024,Fri
2024-11-23,3571.4,4140.27,2837.35,3488.81,11,2024,Sat
2024-11-24,3137.35,4170.0,2303.5,3236.75,11,2024,Sun
2024-11-25,3923.19,4700.57,2852.69,3776.63,11,2024,Mon
2024-11-26,4359.77,5228.05,3835.73,4531.89,11,2024,Tue
2024-11-27,4474.06,5287.55,3921.26,4604.4,11,2024,Wed
2024-11-28,4438.79,5600.48,3203.26,4401.87,11,2024,Thu
2024-11-29,4130.4,5203.71,3299.92,4251.81,11,2024,Fri
2024-11-30,2955.93,3499.0,2154.91,2826.96,11,2024,Sat
2024-12-01,3495.19,4663.92,2769.35,3716.64,12,2024,Sun
2024-12-02,5154.13,6212.01,4074.71,5143.36,12,2024,Mon
2024-12-03,4546.59,5640.27,3596.5,4618.38,12,2024,Tue
2024-12-04,3270.55,4080.33,2377.4,3228.86,12,2024,Wed
2024-12-05,3153.75,3736.86,2537.64,3137.25,12,2024,Thu
2024-12-06,4345.82,5808.68,3365.61,4587.15,12,2024,Fri
2024-12-07,3816.92,5105.03,2871.41,3988.22,12,2024,Sat
2024-12-08,3875.73,4723.48,2967.19,3845.34,12,2024,Sun
2024-12-09,2957.71,3809.16,2412.97,3111.07,12,2024,Mon
2024-12-10,4395.02,5549.38,3309.54,4429.46,12,2024,Tue
2024-12-11,4166.57,5479.42,3254.49,4366.96,12,2024,Wed
2024-12-12,4279.92,5358.45,3640.51,4499.48,12,2024,Thu
2024-12-13,4451.74,5790.26,3866.28,4828.27,12,2024,Fri
2024-12-14,3466.23,4403.13,2904.73,3653.93,12,2024,Sat
2024-12-15,4086.4,5208.22,3086.17,4147.19,12,2024,Sun
2024-12-16,3963.53,4996.06,2804.33,3900.2,12,2024,Mon
2024-12-17,3394.63,4526.19,2972.96,3749.58,12,2024,Tue
2024-12-18,4220.02,5038.28,3316.91,4177.6,12,2024,Wed
2024-12-19,4975.5,5761.51,3686.5,4724.01,12,2024,Thu
2024-12-20,3791.54,4787.16,2871.77,3829.46,12,2024,Fri
2024-12-21,4286.92,5645.83,3692.16,4669.0,12,2024,Sat
2024-12-22,2715.79,3273.5,2222.92,2748.21,12,2024,Sun
2024-12-23,3276.3,3910.16,2330.43,3120.29,12,2024,Mon
2024-12-24,4082.65,5176.42,3192.39,4184.4,12,2024,Tue
2024-12-25,3710.08,4963.74,2680.97,3822.36,12,2024,Wed
2024-12-26,3686.5,4780.28,2823.66,3801.97,12,2024,Thu
2024-12-27,4752.69,5780.99,3939.78,4860.39,12,2024,Fri
2024-12-28,3758.37,4357.34,2748.83,3553.09,12,2024,Sat
2024-12-29,4243.55,4883.72,3355.62,4119.67,12,2024,Sun
2024-12-30,3976.26,4878.8,2785.68,3832.24,12,2024,Mon
2024-12-31,3622.85,4793.88,2550.77,3672.32,12,2024,Tue
2025-01-01,4043.65,5113.19,3273.4,4193.29,1,2025,Wed
2025-01-02,3862.61,4963.39,3315.91,4139.65,1,2025,Thu
2025-01-03,5220.88,6363.74,4362.55,5363.14,1,2025,Fri
2025-01-04,4068.13,4818.42,2972.34,3895.38,1,2025,Sat
2025-01-05,3403.77,3927.76,2414.55,3171.16,1,2025,Sun
2025-01-06,4605.69,5363.96,3598.03,4480.99,1,2025,Mon
2025-01-07,3559.83,4742.39,2751.22,3746.81,1,2025,Tue
2025-01-08,3567.11,4129.19,2685.01,3407.1,1,2025,Wed
2025-01-09,4766.76,6016.47,3421.47,4718.97,1,2025,Thu
2025-01-10,3734.75,4625.33,2706.85,3666.09,1,2025,Fri
2025-01-11,3887.32,4653.81,3281.07,3967.44,1,2025,Sat
2025-01-12,3712.7,4570.36,3075.03,3822.69,1,2025,Sun
2025-01-13,4234.77,4961.19,3297.91,4129.55,1,2025,Mon
2025-01-14,4657.4,5629.19,3516.66,4572.93,1,2025,Tue
2025-01-15,4276.48,5476.51,3385.65,4431.08,1,2025,Wed
2025-01-16,3940.57,5179.39,3098.37,4138.88,1,2025,Thu
2025-01-17,4282.87,5614.01,3577.53,4595.77,1,2025,Fri
2025-01-18,3876.37,4785.69,3011.14,3898.42,1,2025,Sat
2025-01-19,4025.25,5100.05,2929.88,4014.96,1,2025,Sun
2025-01-20,4137.99,4799.85,3140.81,3970.33,1,2025,Mon
2025-01-21,3456.45,4313.93,3014.52,3664.22,1,2025,Tue
2025-01-22,4190.58,5539.7,3221.46,4380.58,1,2025,Wed
2025-01-23,4213.01,5451.36,3083.93,4267.65,1,2025,Thu
2025-01-24,3839.49,4647.82,3369.18,4008.5,1,2025,Fri
2025-01-25,3845.65,4508.86,3235.32,3872.09,1,2025,Sat
2025-01-26,3436.14,4369.7,2610.7,3490.2,1,2025,Sun
2025-01-27,4777.99,6133.18,4000.28,5066.73,1,2025,Mon
2025-01-28,4015.75,4812.01,3000.62,3906.31,1,2025,Tue
2025-01-29,5400.31,6872.83,4485.89,5679.36,1,2025,Wed
2025-01-30,9665.73,12000.0,8503.57,10251.79,1,2025,Thu
2025-01-31,4345.97,5242.77,3374.97,4308.87,1,2025,Fri
2025-02-01,4053.84,4941.65,3126.69,4034.17,2,2025,Sat
2025-02-02,4266.77,5254.0,3238.76,4246.38,2,2025,Sun
2025-02-03,4958.07,6558.36,3507.37,5032.87,2,2025,Mon
2025-02-04,4315.55,5482.71,3736.49,4609.6,2,2025,Tue
2025-02-05,3805.77,4959.55,3172.73,4066.14,2,2025,Wed
2025-02-06,3892.45,4754.87,3268.13,4011.5,2,2025,Thu
2025-02-07,4751.02,6251.8,3562.71,4907.25,2,2025,Fri
2025-02-08,3721.67,4926.56,2995.34,3960.95,2,2025,Sat
2025-02-09,4313.18,5584.19,3600.52,4592.36,2,2025,Sun
2025-02-10,4644.24,6189.11,3880.58,5034.85,2,2025,Mon
2025-02-11,4286.81,5705.19,3717.07,4711.13,2,2025,Tue
2025-02-12,3628.16,4436.33,3074.63,3755.48,2,2025,Wed
2025-02-13,4265.07,5026.12,3676.64,4351.38,2,2025,Thu
2025-02-14,4251.44,5252.96,3576.02,4414.49,2,2025,Fri
2025-02-15,4475.06,5276.4,3935.66,4606.03,2,2025,Sat
2025-02-16,3903.31,4996.4,3211.34,4103.87,2,2025,Sun
2025-02-17,4379.49,5225.96,3719.18,4472.57,2,2025,Mon
2025-02-18,4868.58,6361.7,3573.59,4967.64,2,2025,Tue
2025-02-19,3671.52,4285.39,2696.13,3490.76,2,2025,Wed
2025-02-20,4658.8,5881.15,3586.26,4733.71,2,2025,Thu
2025-02-21,3627.99,4486.9,2808.41,3647.66,2,2025,Fri
2025-02-22,4502.14,5796.8,3184.59,4490.7,2,2025,Sat
2025-02-23,3706.73,4547.57,2692.48,3620.03,2,2025,Sun
2025-02-24,4202.88,5131.42,3065.64,4098.53,2,2025,Mon
2025-02-25,3932.22,4732.54,3300.89,4016.71,2,2025,Tue
2025-02-26,3918.52,5076.3,3073.45,4074.87,2,2025,Wed
2025-02-27,4649.4,5484.2,3550.34,4517.27,2,2025,Thu
2025-02-28,4400.96,5752.45,3085.5,4418.97,2,2025,Fri
2025-03-01,4963.11,6651.22,4204.4,5427.81,3,2025,Sat
2025-03-02,5134.16,6271.18,4003.23,5137.21,3,2025,Sun
2025-03-03,5117.0,6633.34,3666.5,5149.92,3,2025,Mon
2025-03-04,4475.06,5991.16,3257.83,4624.5,3,2025,Tue
2025-03-05,4971.71,6531.53,4141.32,5336.42,3,2025,Wed
2025-03-06,3955.67,5203.01,3019.63,4111.32,3,2025,Thu
2025-03-07,4566.64,5256.98,3668.85,4462.92,3,2025,Fri
2025-03-08,5873.18,7848.51,4671.95,6260.23,3,2025,Sat
2025-03-09,4777.12,5677.05,3398.61,4537.83,3,2025,Sun
2025-03-10,5747.18,6731.35,4788.49,5759.92,3,2025,Mon
2025-03-11,5228.95,6845.89,3793.34,5319.62,3,2025,Tue
2025-03-12,5060.59,6459.92,3599.74,5029.83,3,2025,Wed
2025-03-13,4325.64,5565.28,3127.84,4346.56,3,2025,Thu
2025-03-14,4616.28,5837.83,4061.38,4949.61,3,2025,Fri
2025-03-15,11246.21,12000.0,8613.56,10306.78,3,2025,Sat
2025-03-16,4528.61,6005.41,3286.74,4646.07,3,2025,Sun
2025-03-17,5118.84,6206.71,4194.29,5200.5,3,2025,Mon
2025-03-18,6396.71,8456.99,4766.13,6611.56,3,2025,Tue
2025-03-19,6176.57,7132.11,4606.99,5869.55,3,2025,Wed
2025-03-20,4627.65,5426.12,3760.84,4593.48,3,2025,Thu
2025-03-21,4755.83,6216.79,3835.42,5026.1,3,2025,Fri
2025-03-22,4253.01,5289.12,3227.53,4258.32,3,2025,Sat
2025-03-23,5232.25,6201.31,3844.1,5022.7,3,2025,Sun
2025-03-24,4875.94,6039.99,3632.18,4836.09,3,2025,Mon
2025-03-25,4663.27,5625.49,4032.54,4829.01,3,2025,Tue
2025-03-26,5256.31,7048.25,4446.31,5747.28,3,2025,Wed
2025-03-27,4036.45,5060.75,3077.45,4069.1,3,2025,Thu
2025-03-28,4214.6,5097.87,3410.46,4254.17,3,2025,Fri
2025-03-29,9523.34,12000.0,7608.51,9804.26,3,2025,Sat
2025-03-30,5005.76,6307.9,3765.37,5036.63,3,2025,Sun
2025-03-31,5928.21,7612.91,4635.04,6123.98,3,2025,Mon
2025-04-01,5466.81,6669.76,4000.05,5334.9,4,2025,Tue
2025-04-02,5467.72,6618.95,4155.02,5386.99,4,2025,Wed
2025-04-03,5145.45,6873.75,3938.81,5406.28,4,2025,Thu
2025-04-04,4617.24,6171.16,3437.45,4804.3,4,2025,Fri
2025-04-05,4610.74,5481.34,3957.23,4719.29,4,2025,Sat
2025-04-06,5309.17,6637.77,4540.88,5589.33,4,2025,Sun
2025-04-07,6153.84,8285.82,5057.31,6671.56,4,2025,Mon
2025-04-08,4652.8,6000.48,3579.03,4789.76,4,2025,Tue
2025-04-09,5453.75,7053.56,4750.79,5902.18,4,2025,Wed
2025-04-10,5120.32,6389.67,4149.85,5269.76,4,2025,Thu
2025-04-11,5963.14,7554.84,4184.33,5869.58,4,2025,Fri
2025-04-12,4542.31,6055.14,3517.88,4786.51,4,2025,Sat
2025-04-13,5626.37,7068.59,4006.62,5537.61,4,2025,Sun
2025-04-14,5441.66,6854.38,4354.31,5604.35,4,2025,Mon
2025-04-15,5824.33,7197.89,4820.38,6009.13,4,2025,Tue
2025-04-16,6213.14,7501.61,5078.04,6289.83,4,2025,Wed
2025-04-17,5597.07,6929.68,4759.83,5844.76,4,2025,Thu
2025-04-18,6957.0,8616.82,5260.32,6938.57,4,2025,Fri
2025-04-19,5005.18,5766.37,4051.12,4908.75,4,2025,Sat
2025-04-20,5610.85,6518.66,4234.28,5376.47,4,2025,Sun
2025-04-21,6150.5,7590.62,4384.1,5987.36,4,2025,Mon
2025-04-22,4947.4,5949.33,4096.71,5023.02,4,2025,Tue
2025-04-23,5252.21,6451.24,4430.0,5440.62,4,2025,Wed
2025-04-24,5862.33,7471.79,4343.75,5907.77,4,2025,Thu
2025-04-25,4598.66,5688.18,3370.32,4529.25,4,2025,Fri
2025-04-26,5207.04,6603.33,3982.7,5293.02,4,2025,Sat
2025-04-27,5540.36,7381.83,4675.53,6028.68,4,2025,Sun
2025-04-28,5531.71,6824.5,3887.53,5356.02,4,2025,Mon
2025-04-29,5487.22,6540.69,4528.53,5534.61,4,2025,Tue
2025-04-30,5556.95,7120.86,4722.36,5921.61,4,2025,Wed
2025-05-01,5196.79,6352.23,4151.43,5251.83,5,2025,Thu
2025-05-02,5822.29,6887.67,4681.42,5784.54,5,2025,Fri
2025-05-03,5303.07,7018.7,4068.21,5543.46,5,2025,Sat
2025-05-04,5508.22,6797.77,3870.82,5334.29,5,2025,Sun
2025-05-05,6246.97,8145.21,5375.94,6760.58,5,2025,Mon
2025-05-06,6015.79,7561.14,5137.53,6349.34,5,2025,Tue
2025-05-07,7031.0,9352.19,6002.62,7677.4,5,2025,Wed
2025-05-08,5272.85,6166.3,3751.06,4958.68,5,2025,Thu
2025-05-09,5645.54,6960.44,4870.38,5915.41,5,2025,Fri
2025-05-10,4430.21,5640.62,3716.98,4678.8,5,2025,Sat
2025-05-11,5553.18,7148.11,3991.33,5569.72,5,2025,Sun
2025-05-12,6118.6,8256.14,4391.32,6323.73,5,2025,Mon
2025-05-13,5466.24,6356.53,3893.82,5125.18,5,2025,Tue
2025-05-14,5656.85,7502.75,4622.17,6062.46,5,2025,Wed
2025-05-15,6472.2,7829.71,4851.51,6340.61,5,2025,Thu
2025-05-16,5602.42,7446.37,4078.91,5762.64,5,2025,Fri
2025-05-17,6546.2,8402.74,5659.39,7031.07,5,2025,Sat
2025-05-18,5234.06,6689.49,4406.01,5547.75,5,2025,Sun
2025-05-19,6003.65,6985.42,4400.47,5692.94,5,2025,Mon
2025-05-20,5380.95,7229.21,3802.31,5515.76,5,2025,Tue
2025-05-21,5711.54,7428.3,4086.4,5757.35,5,2025,Wed
2025-05-22,7842.47,9792.44,5828.08,7810.26,5,2025,Thu
2025-05-23,5406.48,7202.39,4509.2,5855.79,5,2025,Fri
2025-05-24,6008.18,7406.03,4593.33,5999.68,5,2025,Sat
2025-05-25,4162.99,5408.78,3514.55,4461.67,5,2025,Sun
2025-05-26,5834.54,7324.71,4318.84,5821.78,5,2025,Mon
2025-05-27,6101.29,7686.38,5065.94,6376.16,5,2025,Tue
2025-05-28,6286.34,8479.45,4926.6,6703.03,5,2025,Wed
2025-05-29,4823.83,6258.98,4140.1,5199.54,5,2025,Thu
2025-05-30,6007.42,7464.85,5091.88,6278.36,5,2025,Fri
2025-05-31,5004.44,5869.4,4198.46,5033.93,5,2025,Sat
2025-06-01,4746.6,6319.88,3886.17,5103.02,6,2025,Sun
2025-06-02,5072.9,6447.91,4245.26,5346.58,6,2025,Mon
2025-06-03,5439.82,7046.63,4498.44,5772.54,6,2025,Tue
2025-06-04,4852.67,6313.27,3845.63,5079.45,6,2025,Wed
2025-06-05,4986.72,6449.36,3960.72,5205.04,6,2025,Thu
2025-06-06,5282.35,6288.02,4031.13,5159.57,6,2025,Fri
2025-06-07,4578.35,6039.31,3798.95,4919.13,6,2025,Sat
2025-06-08,5699.96,6735.54,4694.54,5715.04,6,2025,Sun
2025-06-09,6507.7,8514.46,5341.32,6927.89,6,2025,Mon
2025-06-10,5667.25,7257.89,4527.59,5892.74,6,2025,Tue
2025-06-11,4819.83,6036.95,3784.56,4910.75,6,2025,Wed
2025-06-12,5573.46,6780.47,4173.03,5476.75,6,2025,Thu
2025-06-13,5801.54,7703.52,5044.1,6373.81,6,2025,Fri
2025-06-14,5317.31,6950.09,4674.32,5812.2,6,2025,Sat
2025-06-15,3957.21,4749.65,2800.92,3775.28,6,2025,Sun
2025-06-16,5929.85,7428.58,4742.7,6085.64,6,2025,Mon
2025-06-17,5246.94,6066.16,4282.98,5174.57,6,2025,Tue
2025-06-18,4224.49,5138.77,3585.44,4362.11,6,2025,Wed
2025-06-19,4003.82,4760.66,3261.83,4011.24,6,2025,Thu
2025-06-20,4934.5,5827.61,3601.25,4714.43,6,2025,Fri
2025-06-21,3869.4,4586.32,3204.82,3895.57,6,2025,Sat
2025-06-22,5086.38,6076.7,4279.36,5178.03,6,2025,Sun
2025-06-23,4209.67,4876.5,3144.21,4010.36,6,2025,Mon
2025-06-24,5486.06,6402.07,4794.63,5598.35,6,2025,Tue
2025-06-25,4671.45,6163.84,3293.18,4728.51,6,2025,Wed
2025-06-26,5391.21,7106.46,4287.37,5696.91,6,2025,Thu
2025-06-27,4783.16,5526.76,3467.35,4497.06,6,2025,Fri
2025-06-28,4519.73,5994.42,3680.77,4837.59,6,2025,Sat
2025-06-29,5479.41,6447.82,4783.58,5615.7,6,2025,Sun
2025-06-30,7101.12,8553.39,5308.41,6930.9,6,2025,Mon
2025-07-01,4242.54,5538.36,3633.24,4585.8,7,2025,Tue
2025-07-02,3115.43,3588.56,2599.62,3094.09,7,2025,Wed
2025-07-03,3829.56,4533.66,3245.52,3889.59,7,2025,Thu
2025-07-04,4071.68,4719.83,3577.55,4148.69,7,2025,Fri
2025-07-05,2944.63,3533.16,2203.04,2868.1,7,2025,Sat
2025-07-06,3365.11,4134.9,2752.69,3443.79,7,2025,Sun
2025-07-07,3066.74,3891.28,2228.27,3059.77,7,2025,Mon
2025-07-08,3464.75,4167.54,2460.91,3314.22,7,2025,Tue
2025-07-09,3180.72,4072.62,2425.19,3248.9,7,2025,Wed
2025-07-10,3992.58,4627.87,3104.0,3865.93,7,2025,Thu
2025-07-11,3443.81,4012.23,2824.78,3418.51,7,2025,Fri
2025-07-12,7070.68,8351.31,5582.73,6967.02,7,2025,Sat
2025-07-13,3489.43,4180.79,2927.99,3554.39,7,2025,Sun
2025-07-14,3398.26,4451.19,2614.62,3532.91,7,2025,Mon
2025-07-15,3288.9,4437.0,2875.88,3656.44,7,2025,Tue
2025-07-16,3273.79,3990.72,2386.1,3188.41,7,2025,Wed
2025-07-17,3472.52,4367.89,2947.93,3657.91,7,2025,Thu
2025-07-18,3883.69,4750.68,2748.45,3749.57,7,2025,Fri
2025-07-19,3302.82,4117.47,2376.32,3246.89,7,2025,Sat
2025-07-20,2757.33,3671.63,2214.01,2942.82,7,2025,Sun
2025-07-21,3615.93,4748.38,3091.7,3920.04,7,2025,Mon
2025-07-22,4189.47,4917.48,3361.85,4139.66,7,2025,Tue
2025-07-23,3805.12,4755.38,3112.46,3933.92,7,2025,Wed
2025-07-24,4209.73,5562.94,3522.76,4542.85,7,2025,Thu
2025-07-25,11928.0,12000.0,8608.28,10304.14,7,2025,Fri
2025-07-26,3790.31,4982.97,3160.72,4071.84,7,2025,Sat
2025-07-27,3772.75,5012.7,2731.2,3871.95,7,2025,Sun
2025-07-28,3599.26,4766.2,2617.75,3691.97,7,2025,Mon
2025-07-29,4594.67,5443.6,3521.13,4482.37,7,2025,Tue
2025-07-30,4406.78,5085.98,3873.28,4479.63,7,2025,Wed
2025-07-31,3602.08,4347.4,2664.16,3505.78,7,2025,Thu
2025-08-01,3663.58,4217.22,3078.38,3647.8,8,2025,Fri
2025-08-02,3181.18,3719.49,2379.23,3049.36,8,2025,Sat
2025-08-03,3230.57,4067.31,2755.13,3411.22,8,2025,Sun
2025-08-04,4307.58,4986.65,3119.34,4052.99,8,2025,Mon
2025-08-05,3776.5,5012.79,3075.28,4044.04,8,2025,Tue
2025-08-06,3706.87,4560.5,2816.61,3688.56,8,2025,Wed
2025-08-07,4860.9,5809.94,3655.32,4732.63,8,2025,Thu
2025-08-08,3434.92,3984.75,2412.39,3198.57,8,2025,Fri
2025-08-09,3456.24,4336.52,2808.72,3572.62,8,2025,Sat
2025-08-10,2654.46,3507.15,1949.81,2728.48,8,2025,Sun
2025-08-11,3650.55,4258.95,2618.31,3438.63,8,2025,Mon
2025-08-12,3838.27,4599.41,2927.65,3763.53,8,2025,Tue
2025-08-13,3885.14,4558.42,3150.57,3854.49,8,2025,Wed
2025-08-14,2672.93,3274.1,1902.36,2588.23,8,2025,Thu
2025-08-15,3660.5,4311.78,2926.63,3619.21,8,2025,Fri
2025-08-16,3562.18,4691.51,2769.0,3730.26,8,2025,Sat
2025-08-17,2712.91,3189.98,2078.6,2634.29,8,2025,Sun
2025-08-18,4104.15,5033.87,3065.85,4049.86,8,2025,Mon
2025-08-19,4257.12,5545.04,3276.31,4410.68,8,2025,Tue
2025-08-20,3489.96,4013.75,2478.12,3245.93,8,2025,Wed
2025-08-21,3281.23,3997.65,2336.02,3166.84,8,2025,Thu
2025-08-22,4162.85,4791.78,3314.73,4053.26,8,2025,Fri
2025-08-23,2409.11,3079.42,2000.82,2540.12,8,2025,Sat
2025-08-24,3280.71,3934.83,2861.57,3398.2,8,2025,Sun
2025-08-25,3649.53,4521.79,2679.03,3600.41,8,2025,Mon
2025-08-26,3641.17,4653.53,2949.98,3801.76,8,2025,Tue
2025-08-27,3607.34,4383.9,3121.49,3752.7,8,2025,Wed
2025-08-28,2453.85,3175.76,1876.02,2525.89,8,2025,Thu
2025-08-29,3399.99,3975.97,2656.17,3316.07,8,2025,Fri
2025-08-30,8887.09,11875.82,7323.68,9599.75,8,2025,Sat
2025-08-31,3630.82,4589.74,3124.26,3857.0,8,2025,Sun
2025-09-01,3663.39,4550.08,2792.33,3671.2,9,2025,Mon
2025-09-02,3988.91,4926.11,3073.84,3999.98,9,2025,Tue
2025-09-03,3397.9,4580.8,2810.81,3695.81,9,2025,Wed
2025-09-04,4458.19,5511.03,3150.19,4330.61,9,2025,Thu
2025-09-05,3368.76,4319.13,2478.45,3398.79,9,2025,Fri
2025-09-06,3713.78,4465.85,3016.03,3740.94,9,2025,Sat
2025-09-07,2856.02,3362.14,2099.38,2730.76,9,2025,Sun
2025-09-08,3475.9,4286.19,2926.29,3606.24,9,2025,Mon
2025-09-09,3531.66,4760.52,2793.78,3777.15,9,2025,Tue
2025-09-10,3965.97,5098.14,3058.71,4078.43,9,2025,Wed
2025-09-11,4189.38,5526.67,2956.94,4241.81,9,2025,Thu
2025-09-12,3860.22,4559.22,3072.77,3816.0,9,2025,Fri
2025-09-13,3696.82,4573.97,2883.66,3728.82,9,2025,Sat
2025-09-14,2860.34,3372.87,2264.69,2818.78,9,2025,Sun
2025-09-15,2714.92,3291.35,2121.45,2706.4,9,2025,Mon
2025-09-16,3114.22,3886.51,2638.77,3262.64,9,2025,Tue
2025-09-17,3216.39,3747.15,2495.06,3121.11,9,2025,Wed
2025-09-18,3997.96,5050.16,3259.19,4154.68,9,2025,Thu
2025-09-19,3114.66,4075.03,2273.91,3174.47,9,2025,Fri
2025-09-20,3831.3,5144.3,3106.9,4125.6,9,2025,Sat
2025-09-21,3338.45,3975.91,2594.95,3285.43,9,2025,Sun
2025-09-22,4567.5,6092.84,3732.38,4912.61,9,2025,Mon
2025-09-23,4969.93,5959.27,4270.59,5114.93,9,2025,Tue
2025-09-24,3577.63,4618.31,2796.24,3707.28,9,2025,Wed
2025-09-25,4369.55,5725.05,3088.05,4406.55,9,2025,Thu
2025-09-26,3450.17,4120.4,2783.84,3452.12,9,2025,Fri
2025-09-27,3285.23,4255.78,2423.94,3339.86,9,2025,Sat
2025-09-28,3559.87,4136.09,2985.15,3560.62,9,2025,Sun
2025-09-29,3643.25,4252.86,3100.23,3676.55,9,2025,Mon
2025-09-30,4047.97,5439.3,3077.31,4258.3,9,2025,Tue
2025-10-01,3925.19,5242.9,3389.02,4315.96,10,2025,Wed
2025-10-02,5049.21,6610.44,4265.62,5438.03,10,2025,Thu
2025-10-03,3715.34,4989.81,2737.45,3863.63,10,2025,Fri
2025-10-04,3412.84,3985.43,2814.77,3400.1,10,2025,Sat
2025-10-05,4507.75,5823.49,3282.63,4553.06,10,2025,Sun
2025-10-06,3557.82,4200.14,2933.54,3566.84,10,2025,Mon
2025-10-07,4063.23,5246.84,3201.72,4224.28,10,2025,Tue
2025-10-08,4323.95,5299.87,3700.19,4500.03,10,2025,Wed
2025-10-09,4678.26,5552.43,3987.64,4770.04,10,2025,Thu
2025-10-10,4852.79,5823.18,3778.54,4800.86,10,2025,Fri
2025-10-11,3361.56,4181.44,2804.65,3493.05,10,2025,Sat
2025-10-12,3663.99,4460.5,2664.33,3562.41,10,2025,Sun
2025-10-13,4546.84,6052.38,3903.66,4978.02,10,2025,Mon
2025-10-14,4948.06,6321.57,4313.95,5317.76,10,2025,Tue
2025-10-15,3402.9,4382.13,2855.23,3618.68,10,2025,Wed
2025-10-16,3777.66,4671.6,2830.41,3751.0,10,2025,Thu
2025-10-17,3612.43,4495.35,2755.11,3625.23,10,2025,Fri
2025-10-18,3750.77,4410.2,3212.38,3811.29,10,2025,Sat
2025-10-19,4320.93,5146.8,3455.07,4300.93,10,2025,Sun
2025-10-20,3736.72,4823.23,2806.93,3815.08,10,2025,Mon
2025-10-21,4413.24,5848.18,3320.74,4584.46,10,2025,Tue
2025-10-22,4447.22,5889.89,3640.24,4765.06,10,2025,Wed
2025-10-23,3999.83,5301.7,2998.39,4150.05,10,2025,Thu
2025-10-24,3937.79,4687.26,2853.31,3770.28,10,2025,Fri
2025-10-25,3690.55,4342.56,2982.71,3662.64,10,2025,Sat
2025-10-26,3580.11,4228.48,2864.94,3546.71,10,2025,Sun
2025-10-27,3556.81,4238.06,2491.31,3364.69,10,2025,Mon
2025-10-28,3800.42,4920.97,3318.52,4119.75,10,2025,Tue
2025-10-29,3601.75,4294.61,2532.9,3413.76,10,2025,Wed
2025-10-30,3863.9,5175.14,3076.32,4125.73,10,2025,Thu
2025-10-31,4057.45,4830.71,3481.48,4156.09,10,2025,Fri
2025-11-01,3160.13,3967.74,2592.9,3280.32,11,2025,Sat
2025-11-02,3439.53,3970.95,2478.53,3224.74,11,2025,Sun
2025-11-03,4155.88,4892.68,3216.68,4054.68,11,2025,Mon
2025-11-04,4128.36,5504.47,3335.08,4419.78,11,2025,Tue
2025-11-05,3853.06,4673.14,3289.66,3981.4,11,2025,Wed
2025-11-06,4395.51,5855.6,3739.86,4797.73,11,2025,Thu
2025-11-07,4173.32,4927.12,3439.72,4183.42,11,2025,Fri
2025-11-08,4188.22,5453.59,3154.38,4303.99,11,2025,Sat
2025-11-09,3348.13,4033.53,2745.85,3389.69,11,2025,Sun
2025-11-10,3440.58,4454.72,2724.52,3589.62,11,2025,Mon
2025-11-11,4440.18,5762.33,3679.68,4721.0,11,2025,Tue
2025-11-12,3800.1,5020.17,2830.75,3925.46,11,2025,Wed
2025-11-13,3220.13,4261.03,2486.82,3373.92,11,2025,Thu
2025-11-14,4507.73,5696.36,3248.74,4472.55,11,2025,Fri
2025-11-15,3646.35,4373.3,2780.64,3576.97,11,2025,Sat
2025-11-16,3548.55,4697.22,2953.41,3825.32,11,2025,Sun
2025-11-17,3348.3,4021.01,2741.03,3381.02,11,2025,Mon
2025-11-18,4082.24,4907.67,3346.06,4126.87,11,2025,Tue
2025-11-19,4416.86,5828.38,3101.54,4464.96,11,2025,Wed
2025-11-20,3795.35,4648.62,3057.34,3852.98,11,2025,Thu
2025-11-21,4053.33,5130.92,3477.53,4304.23,11,2025,Fri
2025-11-22,3507.97,4695.62,2485.03,3590.32,11,2025,Sat
2025-11-23,3176.34,4152.37,2308.31,3230.34,11,2025,Sun
2025-11-24,4263.28,5030.25,3344.55,4187.4,11,2025,Mon
2025-11-25,5060.75,6033.03,3819.41,4926.22,11,2025,Tue
2025-11-26,4307.86,4992.34,3185.77,4089.05,11,2025,Wed
2025-11-27,4448.94,5385.61,3135.39,4260.5,11,2025,Thu
2025-11-28,3889.12,4685.67,3417.1,4051.38,11,2025,Fri
2025-11-29,3202.18,3969.86,2340.45,3155.16,11,2025,Sat
2025-11-30,4610.89,5768.83,3844.17,4806.5,11,2025,Sun
2025-12-01,4179.82,5578.38,3315.6,4446.99,12,2025,Mon
2025-12-02,4080.28,4721.32,3267.13,3994.22,12,2025,Tue
2025-12-03,3536.24,4677.37,2628.31,3652.84,12,2025,Wed
2025-12-04,3397.29,4015.55,2611.08,3313.32,12,2025,Thu
2025-12-05,3407.9,4515.76,2526.45,3521.11,12,2025,Fri
2025-12-06,3647.19,4280.43,3172.97,3726.7,12,2025,Sat
2025-12-07,4057.56,5133.03,3206.72,4169.88,12,2025,Sun
2025-12-08,3480.87,4489.85,2770.24,3630.04,12,2025,Mon
2025-12-09,3987.6,4931.16,3239.75,4085.45,12,2025,Tue
2025-12-10,4535.43,6094.64,3958.42,5026.53,12,2025,Wed
2025-12-11,3359.87,4367.38,2459.59,3413.49,12,2025,Thu
2025-12-12,5057.7,5819.89,4420.5,5120.19,12,2025,Fri
2025-12-13,2728.18,3276.08,2250.03,2763.05,12,2025,Sat
2025-12-14,4177.63,5639.39,3186.84,4413.12,12,2025,Sun
2025-12-15,4768.96,5573.34,3676.53,4624.94,12,2025,Mon
2025-12-16,4009.8,4829.15,2922.24,3875.7,12,2025,Tue
2025-12-17,4534.3,5999.79,3354.48,4677.13,12,2025,Wed
2025-12-18,10945.48,12000.0,8167.42,10083.71,12,2025,Thu
2025-12-19,4047.15,5451.76,2924.35,4188.05,12,2025,Fri
2025-12-20,3560.56,4269.03,2663.5,3466.26,12,2025,Sat
2025-12-21,3579.98,4119.03,2781.73,3450.38,12,2025,Sun
2025-12-22,4172.68,5334.19,3358.76,4346.48,12,2025,Mon
2025-12-23,4795.76,6164.72,3409.23,4786.97,12,2025,Tue
2025-12-24,4108.05,5375.36,3070.05,4222.7,12,2025,Wed
2025-12-25,5555.67,7271.13,4275.01,5773.07,12,2025,Thu
2025-12-26,4111.02,4897.12,3128.59,4012.86,12,2025,Fri
2025-12-27,3738.25,4352.82,2634.07,3493.45,12,2025,Sat
2025-12-28,3626.0,4649.01,3183.86,3916.43,12,2025,Sun
2025-12-29,4448.34,5579.03,3415.63,4497.33,12,2025,Mon
2025-12-30,3746.86,4899.43,2908.91,3904.17,12,2025,Tue
2025-12-31,3568.8,4201.04,3043.92,3622.48,12,2025,Wed
2026-01-01,4169.07,5466.66,3276.3,4371.48,1,2026,Thu
2026-01-02,4821.79,5899.47,3653.58,4776.52,1,2026,Fri
2026-01-03,3946.78,5077.97,2860.22,3969.09,1,2026,Sat
2026-01-04,3543.95,4101.1,2772.51,3436.8,1,2026,Sun
2026-01-05,4444.54,5639.05,3770.78,4704.91,1,2026,Mon
2026-01-06,3685.43,4932.68,3167.54,4050.11,1,2026,Tue
2026-01-07,4760.8,5904.4,3382.94,4643.67,1,2026,Wed
2026-01-08,4296.25,5332.72,3223.47,4278.1,1,2026,Thu
2026-01-09,4833.35,6256.09,3867.65,5061.87,1,2026,Fri
2026-01-10,4444.44,5981.53,3209.02,4595.28,1,2026,Sat
2026-01-11,3328.08,3938.32,2648.1,3293.21,1,2026,Sun
2026-01-12,3508.01,4142.77,2996.34,3569.56,1,2026,Mon
2026-01-13,4015.03,5120.59,3417.0,4268.79,1,2026,Tue
2026-01-14,2981.64,3801.71,2328.37,3065.04,1,2026,Wed
2026-01-15,4061.62,5010.74,2937.67,3974.21,1,2026,Thu
2026-01-16,4474.48,5176.59,3353.73,4265.16,1,2026,Fri
2026-01-17,3866.85,5070.34,3084.52,4077.43,1,2026,Sat
2026-01-18,4456.45,5212.52,3903.24,4557.88,1,2026,Sun
2026-01-19,4045.05,5292.96,3073.19,4183.07,1,2026,Mon
2026-01-20,5055.92,5875.6,3546.84,4711.22,1,2026,Tue
2026-01-21,4494.5,5717.8,3571.58,4644.69,1,2026,Wed
2026-01-22,3315.79,3824.32,2482.79,3153.55,1,2026,Thu
2026-01-23,4079.63,5049.22,2915.58,3982.4,1,2026,Fri
2026-01-24,3581.17,4414.63,2663.69,3539.16,1,2026,Sat
2026-01-25,4209.43,5606.86,3460.24,4533.55,1,2026,Sun
2026-01-26,4111.61,5412.58,3230.28,4321.43,1,2026,Mon
2026-01-27,4702.35,5735.46,3785.1,4760.28,1,2026,Tue
2026-01-28,4567.48,5724.32,3513.9,4619.11,1,2026,Wed
2026-01-29,4515.06,5512.81,3748.06,4630.43,1,2026,Thu
2026-01-30,4119.31,5245.51,2928.63,4087.07,1,2026,Fri
2026-01-31,3908.35,4848.72,3241.84,4045.28,1,2026,Sat
2026-02-01,3945.81,4833.47,2994.35,3913.91,2,2026,Sun
2026-02-02,4644.48,5928.03,3715.56,4821.8,2,2026,Mon
2026-02-03,4299.48,5422.26,3131.99,4277.12,2,2026,Tue
2026-02-04,4204.41,5249.69,3230.36,4240.03,2,2026,Wed
2026-02-05,4294.58,5390.81,3740.62,4565.72,2,2026,Thu
2026-02-06,4729.03,5597.22,3553.59,4575.41,2,2026,Fri
2026-02-07,3577.21,4472.8,2627.84,3550.32,2,2026,Sat
2026-02-08,4059.32,4768.49,3549.62,4159.05,2,2026,Sun
2026-02-09,4185.6,5223.54,2955.09,4089.31,2,2026,Mon
2026-02-10,5225.6,6025.09,4468.01,5246.55,2,2026,Tue
2026-02-11,3531.94,4410.63,2865.51,3638.07,2,2026,Wed
2026-02-12,4337.95,5336.3,3163.31,4249.81,2,2026,Thu
2026-02-13,4791.98,6453.24,4127.06,5290.15,2,2026,Fri
2026-02-14,4312.97,5583.42,3282.45,4432.93,2,2026,Sat
2026-02-15,3715.07,4437.05,2879.76,3658.41,2,2026,Sun
2026-02-16,4732.01,6384.05,3628.36,5006.2,2,2026,Mon
2026-02-17,3752.74,4420.36,2854.51,3637.43,2,2026,Tue
2026-02-18,4842.46,5777.07,3487.64,4632.36,2,2026,Wed
2026-02-19,4260.18,4971.82,3231.16,4101.49,2,2026,Thu
2026-02-20,4094.93,5133.08,2898.45,4015.77,2,2026,Fri
2026-02-21,3899.44,5015.43,3127.77,4071.6,2,2026,Sat
2026-02-22,3422.88,4091.32,2704.12,3397.72,2,2026,Sun
2026-02-23,4177.68,5370.72,3006.13,4188.43,2,2026,Mon
2026-02-24,5111.25,6284.56,4315.57,5300.06,2,2026,Tue
2026-02-25,3896.64,4812.82,2913.05,3862.93,2,2026,Wed
2026-02-26,3489.24,4446.93,2644.56,3545.75,2,2026,Thu
2026-02-27,4052.4,4785.42,2927.06,3856.24,2,2026,Fri
2026-02-28,11580.95,12000.0,10081.74,11040.87,2,2026,Sat
2026-03-01,5091.13,6563.27,3854.45,5208.86,3,2026,Sun
2026-03-02,5408.13,7025.54,4572.69,5799.12,3,2026,Mon
2026-03-03,4688.66,6092.53,3790.78,4941.66,3,2026,Tue
2026-03-04,4542.85,5905.46,3904.28,4904.87,3,2026,Wed
2026-03-05,5311.87,6406.42,4286.8,5346.61,3,2026,Thu
2026-03-06,4930.84,6084.78,3903.1,4993.94,3,2026,Fri
2026-03-07,4186.58,5032.71,3617.98,4325.34,3,2026,Sat
2026-03-08,4318.29,5174.59,3584.84,4379.71,3,2026,Sun
2026-03-09,5598.33,7159.09,4631.02,5895.06,3,2026,Mon
2026-03-10,4825.69,5615.03,3613.23,4614.13,3,2026,Tue
2026-03-11,6166.59,7768.12,4978.81,6373.46,3,2026,Wed
2026-03-12,5005.34,6480.45,4147.29,5313.87,3,2026,Thu
2026-03-13,4503.93,5715.84,3936.76,4826.3,3,2026,Fri
2026-03-14,5292.4,6845.11,4159.29,5502.2,3,2026,Sat
2026-03-15,4364.09,5337.07,3769.02,4553.04,3,2026,Sun
2026-03-16,4228.54,5350.28,3261.38,4305.83,3,2026,Mon
2026-03-17,5254.56,6607.98,3842.01,5224.99,3,2026,Tue
2026-03-18,6280.46,8194.25,4805.07,6499.66,3,2026,Wed
2026-03-19,5985.55,7555.22,4219.12,5887.17,3,2026,Thu
2026-03-20,5316.18,6949.35,4396.1,5672.73,3,2026,Fri
2026-03-21,4206.4,5068.22,3524.8,4296.51,3,2026,Sat
2026-03-22,4314.08,5476.93,3062.21,4269.57,3,2026,Sun
2026-03-23,5061.77,5950.56,3777.99,4864.27,3,2026,Mon
2026-03-24,4676.04,6122.7,3978.82,5050.76,3,2026,Tue
2026-03-25,5663.43,7491.42,4720.86,6106.14,3,2026,Wed
2026-03-26,3669.35,4659.09,2917.66,3788.37,3,2026,Thu
2026-03-27,5063.43,6644.81,3593.48,5119.14,3,2026,Fri
2026-03-28,4615.46,5375.73,4042.12,4708.93,3,2026,Sat
2026-03-29,4503.71,5398.49,3936.96,4667.73,3,2026,Sun
2026-03-30,4999.08,5775.87,3997.3,4886.58,3,2026,Mon
2026-03-31,3658.22,4453.72,2878.61,3666.16,3,2026,Tue
2026-04-01,7005.84,8914.39,6038.65,7476.52,4,2026,Wed
2026-04-02,5593.66,6667.56,4040.3,5353.93,4,2026,Thu
2026-04-03,5859.64,6858.93,4880.7,5869.82,4,2026,Fri
2026-04-04,5207.87,6676.67,3830.55,5253.61,4,2026,Sat
2026-04-05,5198.01,6978.17,3995.95,5487.06,4,2026,Sun
2026-04-06,6480.5,7830.64,5679.12,6754.88,4,2026,Mon
2026-04-07,6177.5,7634.61,4463.31,6048.96,4,2026,Tue
2026-04-08,5667.85,6677.14,4563.32,5620.23,4,2026,Wed
2026-04-09,5338.06,6151.94,3999.29,5075.61,4,2026,Thu
2026-04-10,4889.22,6414.86,4055.82,5235.34,4,2026,Fri
2026-04-11,4933.64,6372.09,4044.41,5208.25,4,2026,Sat
2026-04-12,4611.84,5792.32,3889.62,4840.97,4,2026,Sun
2026-04-13,4981.46,6718.46,3590.66,5154.56,4,2026,Mon
2026-04-14,5164.29,6805.39,4353.94,5579.67,4,2026,Tue
2026-04-15,4938.86,6427.18,4120.11,5273.64,4,2026,Wed
2026-04-16,6024.98,7324.12,4737.88,6031.0,4,2026,Thu
2026-04-17,4550.05,5932.38,3738.81,4835.59,4,2026,Fri
2026-04-18,4958.4,6034.81,3680.56,4857.68,4,2026,Sat
2026-04-19,4985.96,5989.25,4003.44,4996.34,4,2026,Sun
2026-04-20,4796.57,5559.0,3911.39,4735.2,4,2026,Mon
2026-04-21,4766.29,5621.68,4158.23,4889.96,4,2026,Tue
2026-04-22,6640.54,8342.3,5612.42,6977.36,4,2026,Wed
2026-04-23,5458.42,7030.48,4046.77,5538.62,4,2026,Thu
2026-04-24,5172.64,5955.55,4510.51,5233.03,4,2026,Fri
2026-04-25,6525.21,8806.1,4940.12,6873.11,4,2026,Sat
2026-04-26,6270.39,7592.94,4897.79,6245.36,4,2026,Sun
2026-04-27,5502.01,6792.07,4157.84,5474.96,4,2026,Mon
2026-04-28,5172.21,6188.79,4282.84,5235.81,4,2026,Tue
2026-04-29,5440.15,7031.81,4557.67,5794.74,4,2026,Wed
2026-04-30,6643.14,8601.5,5055.91,6828.71,4,2026,Thu
2026-05-01,5876.08,7463.67,4703.96,6083.81,5,2026,Fri
2026-05-02,6356.1,8044.99,5374.53,6709.76,5,2026,Sat
2026-05-03,6699.61,8983.54,4922.57,6953.06,5,2026,Sun
2026-05-04,5535.56,6863.31,4443.56,5653.44,5,2026,Mon
2026-05-05,5110.79,6304.07,4238.01,5271.04,5,2026,Tue
2026-05-06,5430.43,6268.67,4293.7,5281.19,5,2026,Wed
2026-05-07,6289.61,8050.06,4808.48,6429.27,5,2026,Thu
2026-05-08,5782.97,7775.85,5008.16,6392.0,5,2026,Fri
2026-05-09,4902.78,6066.13,4040.82,5053.48,5,2026,Sat
2026-05-10,4362.85,5368.75,3258.64,4313.7,5,2026,Sun
2026-05-11,4905.1,6287.21,3898.54,5092.88,5,2026,Mon
2026-05-12,5948.03,7426.36,5015.82,6221.09,5,2026,Tue
2026-05-13,5251.43,6967.51,4342.22,5654.87,5,2026,Wed
2026-05-14,5383.34,6561.12,3773.8,5167.46,5,2026,Thu
2026-05-15,6853.59,8433.11,5468.34,6950.72,5,2026,Fri
2026-05-16,5679.7,7239.75,4501.54,5870.65,5,2026,Sat
2026-05-17,5038.28,6400.07,4266.16,5333.11,5,2026,Sun
2026-05-18,5293.25,6844.8,3967.45,5406.12,5,2026,Mon
2026-05-19,6705.05,7976.51,5325.69,6651.1,5,2026,Tue
2026-05-20,5884.29,6890.6,4147.48,5519.04,5,2026,Wed
2026-05-21,6521.09,8788.68,4920.42,6854.55,5,2026,Thu
2026-05-22,7253.92,8884.38,5868.8,7376.59,5,2026,Fri
2026-05-23,4988.74,6361.62,3925.0,5143.31,5,2026,Sat
2026-05-24,4870.15,5883.04,4025.89,4954.46,5,2026,Sun
2026-05-25,6156.29,8295.22,5283.56,6789.39,5,2026,Mon
2026-05-26,6135.55,7793.32,4885.53,6339.42,5,2026,Tue
2026-05-27,5819.47,7403.38,4636.88,6020.13,5,2026,Wed
2026-05-28,5558.28,7401.45,4602.88,6002.17,5,2026,Thu
2026-05-29,6491.43,8538.39,5182.78,6860.58,5,2026,Fri
2026-05-30,5288.96,6140.04,4007.27,5073.66,5,2026,Sat
2026-05-31,5262.91,6428.96,4498.76,5463.86,5,2026,Sun
2026-06-01,4903.85,5874.25,4059.29,4966.77,6,2026,Mon
2026-06-02,5208.11,6673.42,4219.55,5446.49,6,2026,Tue
2026-06-03,4422.13,5161.39,3221.45,4191.42,6,2026,Wed
2026-06-04,5102.15,6799.68,4303.84,5551.76,6,2026,Thu
2026-06-05,5495.56,6525.68,4211.29,5368.49,6,2026,Fri
2026-06-06,4900.0,5776.57,3999.93,4888.25,6,2026,Sat
2026-06-07,4133.78,4819.35,3569.16,4194.25,6,2026,Sun
2026-06-08,5341.73,6847.76,4584.42,5716.09,6,2026,Mon
2026-06-09,5571.16,6910.97,3972.61,5441.79,6,2026,Tue
2026-06-10,4862.61,5975.73,3742.4,4859.06,6,2026,Wed
2026-06-11,4930.09,6278.97,3727.39,5003.18,6,2026,Thu
2026-06-12,4804.87,6458.54,3760.03,5109.28,6,2026,Fri
2026-06-13,5301.71,6136.04,4086.12,5111.08,6,2026,Sat
2026-06-14,4498.61,5487.64,3932.9,4710.27,6,2026,Sun
2026-06-15,5516.95,6814.92,4071.94,5443.43,6,2026,Mon
2026-06-16,5321.75,6820.33,4097.9,5459.11,6,2026,Tue
2026-06-17,5345.92,6669.84,3869.3,5269.57,6,2026,Wed
2026-06-18,5326.52,6429.16,4570.3,5499.73,6,2026,Thu
2026-06-19,5637.43,7088.32,4291.03,5689.67,6,2026,Fri
2026-06-20,5940.5,6986.12,4197.76,5591.94,6,2026,Sat
2026-06-21,4472.44,5658.0,3524.34,4591.17,6,2026,Sun
2026-06-22,5169.28,6090.72,3875.43,4983.07,6,2026,Mon
