datetime,date,hour,solar_generation_mw,wind_generation_mw,total_generation_mw,temperature_c,wind_speed_ms,solar_radiation_wm2,cloud_cover_pct,humidity_pct,rainfall_mm,is_forecast
2026-06-15 00:00:00,2026-06-15,0,0.0,96.89,96.89,29.2,6.1,0.0,23,73,0.0,False
2026-06-15 01:00:00,2026-06-15,1,0.0,81.57,81.57,28.9,5.76,0.0,28,74,0.0,False
2026-06-15 02:00:00,2026-06-15,2,0.0,64.63,64.63,28.8,5.33,0.0,20,74,0.0,False
2026-06-15 03:00:00,2026-06-15,3,0.0,37.87,37.87,28.4,4.46,0.0,32,77,0.0,False
2026-06-15 04:00:00,2026-06-15,4,0.0,28.15,28.15,28.3,4.04,0.0,26,78,0.0,False
2026-06-15 05:00:00,2026-06-15,5,0.0,26.51,26.51,28.5,3.96,0.0,100,78,0.0,False
2026-06-15 06:00:00,2026-06-15,6,3.04,39.68,42.72,29.1,4.53,4.0,100,75,0.0,False
2026-06-15 07:00:00,2026-06-15,7,39.46,76.17,115.63,29.5,5.63,52.0,45,73,0.0,False
2026-06-15 08:00:00,2026-06-15,8,194.27,159.32,353.59,31.0,7.2,256.0,33,65,0.1,False
2026-06-15 09:00:00,2026-06-15,9,304.31,180.08,484.39,32.4,7.5,401.0,34,59,0.0,False
2026-06-15 10:00:00,2026-06-15,10,426.48,234.49,660.97,34.1,8.19,562.0,84,52,0.0,False
2026-06-15 11:00:00,2026-06-15,11,495.54,176.5,672.04,34.8,7.45,653.0,36,48,0.0,False
2026-06-15 12:00:00,2026-06-15,12,604.82,208.86,813.68,36.1,7.88,797.0,32,44,0.0,False
2026-06-15 13:00:00,2026-06-15,13,591.16,197.16,788.32,36.7,7.73,779.0,30,41,0.0,False
2026-06-15 14:00:00,2026-06-15,14,570.67,188.86,759.53,37.0,7.62,752.0,23,40,0.0,False
2026-06-15 15:00:00,2026-06-15,15,540.32,176.5,716.82,37.0,7.45,712.0,30,39,0.0,False
2026-06-15 16:00:00,2026-06-15,16,397.65,201.01,598.66,36.7,7.78,524.0,95,39,0.0,False
2026-06-15 17:00:00,2026-06-15,17,268.64,201.01,469.65,34.8,7.78,354.0,30,46,0.0,False
2026-06-15 18:00:00,2026-06-15,18,150.26,194.11,344.37,33.6,7.69,198.0,67,50,0.0,False
2026-06-15 19:00:00,2026-06-15,19,33.39,164.01,197.4,32.2,7.27,44.0,79,55,0.0,False
2026-06-15 20:00:00,2026-06-15,20,0.0,120.5,120.5,31.4,6.56,0.0,32,59,0.0,False
2026-06-15 21:00:00,2026-06-15,21,0.0,102.72,102.72,30.6,6.22,0.0,16,64,0.0,False
2026-06-15 22:00:00,2026-06-15,22,0.0,76.17,76.17,30.0,5.63,0.0,27,69,0.0,False
2026-06-15 23:00:00,2026-06-15,23,0.0,47.21,47.21,29.9,4.8,0.0,27,72,0.0,False
2026-06-16 00:00:00,2026-06-16,0,0.0,86.07,86.07,29.9,4.82,0.0,100,70,0.0,False
2026-06-16 01:00:00,2026-06-16,1,0.0,83.94,83.94,29.6,4.78,0.0,23,70,0.0,False
2026-06-16 02:00:00,2026-06-16,2,0.0,67.73,67.73,29.1,4.45,0.0,17,73,0.0,False
2026-06-16 03:00:00,2026-06-16,3,0.0,65.03,65.03,28.9,4.39,0.0,2,74,0.0,False
2026-06-16 04:00:00,2026-06-16,4,0.0,36.46,36.46,28.5,3.62,0.0,6,76,0.0,False
2026-06-16 05:00:00,2026-06-16,5,0.0,43.52,43.52,28.8,3.84,0.0,82,79,0.0,False
2026-06-16 06:00:00,2026-06-16,6,4.63,62.4,67.03,29.2,4.33,5.0,91,77,0.0,False
2026-06-16 07:00:00,2026-06-16,7,68.6,124.42,193.02,29.8,5.45,74.0,18,74,0.0,False
2026-06-16 08:00:00,2026-06-16,8,225.25,167.69,392.94,31.2,6.02,243.0,79,66,0.0,False
2026-06-16 09:00:00,2026-06-16,9,329.07,200.54,529.61,32.6,6.39,355.0,98,59,0.0,False
2026-06-16 10:00:00,2026-06-16,10,419.92,198.67,618.59,33.8,6.37,453.0,100,54,0.0,False
2026-06-16 11:00:00,2026-06-16,11,429.19,146.88,576.07,35.2,5.76,463.0,100,48,0.0,False
2026-06-16 12:00:00,2026-06-16,12,521.88,134.98,656.86,35.3,5.6,563.0,86,47,0.0,False
2026-06-16 13:00:00,2026-06-16,13,585.84,106.21,692.05,36.8,5.17,632.0,51,42,0.0,False
2026-06-16 14:00:00,2026-06-16,14,665.56,186.75,852.31,37.2,6.24,718.0,100,40,0.0,False
2026-06-16 15:00:00,2026-06-16,15,594.19,130.69,724.88,37.1,5.54,641.0,94,40,0.0,False
2026-06-16 16:00:00,2026-06-16,16,363.37,183.18,546.55,35.8,6.2,392.0,100,44,0.0,False
2026-06-16 17:00:00,2026-06-16,17,248.43,153.88,402.31,35.3,5.85,268.0,91,48,0.0,False
2026-06-16 18:00:00,2026-06-16,18,120.51,236.38,356.89,34.0,6.75,130.0,100,51,0.0,False
2026-06-16 19:00:00,2026-06-16,19,43.57,193.11,236.68,32.8,6.31,47.0,41,54,0.0,False
2026-06-16 20:00:00,2026-06-16,20,0.0,183.18,183.18,31.8,6.2,0.0,7,59,0.0,False
2026-06-16 21:00:00,2026-06-16,21,0.0,166.85,166.85,30.8,6.01,0.0,6,65,0.0,False
2026-06-16 22:00:00,2026-06-16,22,0.0,63.27,63.27,30.0,4.35,0.0,5,69,0.0,False
2026-06-16 23:00:00,2026-06-16,23,0.0,58.17,58.17,29.6,4.23,0.0,5,73,0.0,False
2026-06-17 00:00:00,2026-06-17,0,0.0,129.67,129.67,29.3,5.02,0.0,0,75,0.0,False
2026-06-17 01:00:00,2026-06-17,1,0.0,130.45,130.45,29.0,5.03,0.0,0,77,0.0,False
2026-06-17 02:00:00,2026-06-17,2,0.0,109.16,109.16,28.8,4.74,0.0,1,79,0.0,False
2026-06-17 03:00:00,2026-06-17,3,0.0,42.83,42.83,28.5,3.47,0.0,13,80,0.0,False
2026-06-17 04:00:00,2026-06-17,4,0.0,12.15,12.15,28.5,2.28,0.0,16,80,0.0,False
2026-06-17 05:00:00,2026-06-17,5,0.0,19.95,19.95,28.2,2.69,0.0,12,85,0.0,False
2026-06-17 06:00:00,2026-06-17,6,3.88,42.83,46.71,28.4,3.47,5.0,14,85,0.0,False
2026-06-17 07:00:00,2026-06-17,7,72.95,76.48,149.43,29.2,4.21,94.0,23,81,0.0,False
2026-06-17 08:00:00,2026-06-17,8,201.78,116.94,318.72,30.9,4.85,260.0,22,71,0.0,False
2026-06-17 09:00:00,2026-06-17,9,340.7,140.82,481.52,32.5,5.16,439.0,30,62,0.0,False
2026-06-17 10:00:00,2026-06-17,10,465.65,158.73,624.38,33.8,5.37,600.0,55,55,0.0,False
2026-06-17 11:00:00,2026-06-17,11,492.81,135.17,627.98,35.0,5.09,635.0,95,49,0.0,False
2026-06-17 12:00:00,2026-06-17,12,480.39,103.72,584.11,35.5,4.66,619.0,41,48,0.0,False
2026-06-17 13:00:00,2026-06-17,13,588.27,113.36,701.63,36.7,4.8,758.0,37,44,0.1,False
2026-06-17 14:00:00,2026-06-17,14,583.61,155.21,738.82,34.6,5.33,752.0,66,53,0.5,False
2026-06-17 15:00:00,2026-06-17,15,503.68,194.86,698.54,35.6,5.75,649.0,58,48,0.4,False
2026-06-17 16:00:00,2026-06-17,16,417.53,175.23,592.76,35.0,5.55,538.0,52,52,0.5,False
2026-06-17 17:00:00,2026-06-17,17,299.57,108.47,408.04,34.0,4.73,386.0,31,54,0.1,False
2026-06-17 18:00:00,2026-06-17,18,128.83,196.9,325.73,33.8,5.77,166.0,100,51,0.3,False
2026-06-17 19:00:00,2026-06-17,19,40.36,233.8,274.16,32.5,6.11,52.0,100,55,0.0,False
2026-06-17 20:00:00,2026-06-17,20,0.0,257.52,257.52,31.4,6.31,0.0,2,60,0.0,False
2026-06-17 21:00:00,2026-06-17,21,0.0,182.92,182.92,30.5,5.63,0.0,2,65,0.0,False
2026-06-17 22:00:00,2026-06-17,22,0.0,134.37,134.37,29.8,5.08,0.0,2,70,0.0,False
2026-06-17 23:00:00,2026-06-17,23,0.0,108.47,108.47,29.6,4.73,0.0,0,73,0.0,False
2026-06-18 00:00:00,2026-06-18,0,0.0,69.28,69.28,29.2,3.89,0.0,1,76,0.0,False
2026-06-18 01:00:00,2026-06-18,1,0.0,64.58,64.58,29.0,3.8,0.0,4,77,0.0,False
2026-06-18 02:00:00,2026-06-18,2,0.0,64.58,64.58,28.6,3.8,0.0,5,79,0.0,False
2026-06-18 03:00:00,2026-06-18,3,0.0,68.21,68.21,28.2,3.87,0.0,29,81,0.0,False
2026-06-18 04:00:00,2026-06-18,4,0.0,35.06,35.06,28.0,3.1,0.0,33,84,0.0,False
2026-06-18 05:00:00,2026-06-18,5,0.0,32.09,32.09,28.4,3.01,0.0,97,88,0.0,False
2026-06-18 06:00:00,2026-06-18,6,2.95,44.64,47.59,28.8,3.36,4.0,67,84,0.1,False
2026-06-18 07:00:00,2026-06-18,7,60.57,89.71,150.28,30.0,4.24,82.0,43,75,0.0,False
2026-06-18 08:00:00,2026-06-18,8,186.13,157.96,344.09,31.2,5.12,252.0,13,67,0.0,False
2026-06-18 09:00:00,2026-06-18,9,339.76,119.86,459.62,32.7,4.67,460.0,8,59,0.0,False
2026-06-18 10:00:00,2026-06-18,10,478.62,130.15,608.77,34.3,4.8,648.0,17,52,0.0,False
2026-06-18 11:00:00,2026-06-18,11,552.48,119.09,671.57,35.2,4.66,748.0,38,45,0.0,False
2026-06-18 12:00:00,2026-06-18,12,605.66,124.54,730.2,36.2,4.73,820.0,45,41,0.0,False
2026-06-18 13:00:00,2026-06-18,13,635.2,139.31,774.51,37.1,4.91,860.0,44,38,0.0,False
2026-06-18 14:00:00,2026-06-18,14,578.33,186.35,764.68,37.5,5.41,783.0,43,36,0.0,False
2026-06-18 15:00:00,2026-06-18,15,404.76,210.02,614.78,36.6,5.63,548.0,100,39,0.0,False
2026-06-18 16:00:00,2026-06-18,16,324.25,188.42,512.67,36.2,5.43,439.0,54,40,0.0,False
2026-06-18 17:00:00,2026-06-18,17,248.17,232.01,480.18,35.5,5.82,336.0,28,41,0.0,False
2026-06-18 18:00:00,2026-06-18,18,158.06,264.51,422.57,33.8,6.08,214.0,2,47,0.0,False
2026-06-18 19:00:00,2026-06-18,19,45.06,201.19,246.25,32.5,5.55,61.0,1,52,0.0,False
2026-06-18 20:00:00,2026-06-18,20,0.0,159.82,159.82,31.6,5.14,0.0,3,55,0.0,False
2026-06-18 21:00:00,2026-06-18,21,0.0,181.23,181.23,30.6,5.36,0.0,1,63,0.0,False
2026-06-18 22:00:00,2026-06-18,22,0.0,123.75,123.75,29.6,4.72,0.0,1,70,0.0,False
2026-06-18 23:00:00,2026-06-18,23,0.0,73.64,73.64,29.5,3.97,0.0,2,72,0.0,False
2026-06-19 00:00:00,2026-06-19,0,0.0,51.33,51.33,29.1,3.69,0.0,3,73,0.0,False
2026-06-19 01:00:00,2026-06-19,1,0.0,39.8,39.8,28.8,3.39,0.0,3,75,0.0,False
2026-06-19 02:00:00,2026-06-19,2,0.0,62.01,62.01,28.5,3.93,0.0,1,76,0.0,False
2026-06-19 03:00:00,2026-06-19,3,0.0,43.06,43.06,28.1,3.48,0.0,4,78,0.0,False
2026-06-19 04:00:00,2026-06-19,4,0.0,34.11,34.11,28.0,3.22,0.0,5,78,0.0,False
2026-06-19 05:00:00,2026-06-19,5,0.0,11.18,11.18,28.1,2.22,0.0,4,79,0.0,False
2026-06-19 06:00:00,2026-06-19,6,4.09,28.7,32.79,28.2,3.04,5.0,5,79,0.0,False
2026-06-19 07:00:00,2026-06-19,7,78.5,111.58,190.08,29.0,4.78,96.0,37,77,0.0,False
2026-06-19 08:00:00,2026-06-19,8,193.79,146.99,340.78,30.4,5.24,237.0,28,70,0.1,False
2026-06-19 09:00:00,2026-06-19,9,371.24,121.67,492.91,32.2,4.92,454.0,26,61,0.0,False
2026-06-19 10:00:00,2026-06-19,10,503.7,142.83,646.53,33.6,5.19,616.0,41,55,0.0,False
2026-06-19 11:00:00,2026-06-19,11,585.47,134.73,720.2,35.3,5.09,716.0,37,45,0.0,False
2026-06-19 12:00:00,2026-06-19,12,659.07,141.18,800.25,36.5,5.17,806.0,28,40,0.0,False
2026-06-19 13:00:00,2026-06-19,13,686.05,139.55,825.6,37.8,5.15,839.0,69,36,0.0,False
2026-06-19 14:00:00,2026-06-19,14,571.57,187.22,758.79,37.6,5.68,699.0,98,37,0.0,False
2026-06-19 15:00:00,2026-06-19,15,388.41,242.31,630.72,36.3,6.19,475.0,100,43,0.0,False
2026-06-19 16:00:00,2026-06-19,16,211.78,219.58,431.36,35.2,5.99,259.0,98,47,0.0,False
2026-06-19 17:00:00,2026-06-19,17,197.07,137.12,334.19,35.2,5.12,241.0,100,43,0.0,False
2026-06-19 18:00:00,2026-06-19,18,130.01,213.04,343.05,34.1,5.93,159.0,16,47,0.0,False
2026-06-19 19:00:00,2026-06-19,19,39.25,208.76,248.01,32.9,5.89,48.0,6,52,0.0,False
2026-06-19 20:00:00,2026-06-19,20,0.0,248.23,248.23,31.6,6.24,0.0,6,59,0.0,False
2026-06-19 21:00:00,2026-06-19,21,0.0,213.04,213.04,30.5,5.93,0.0,2,65,0.0,False
2026-06-19 22:00:00,2026-06-19,22,0.0,109.49,109.49,30.1,4.75,0.0,2,67,0.0,False
2026-06-19 23:00:00,2026-06-19,23,0.0,92.48,92.48,29.8,4.49,0.0,7,71,0.0,False
2026-06-20 00:00:00,2026-06-20,0,0.0,55.14,55.14,29.2,3.74,0.0,7,74,0.0,False
2026-06-20 01:00:00,2026-06-20,1,0.0,32.32,32.32,28.9,3.13,0.0,5,76,0.0,False
2026-06-20 02:00:00,2026-06-20,2,0.0,34.86,34.86,28.6,3.21,0.0,18,77,0.0,False
2026-06-20 03:00:00,2026-06-20,3,0.0,57.84,57.84,28.5,3.8,0.0,5,78,0.0,False
2026-06-20 04:00:00,2026-06-20,4,0.0,51.26,51.26,28.1,3.65,0.0,8,81,0.0,False
2026-06-20 05:00:00,2026-06-20,5,0.0,39.98,39.98,28.1,3.36,0.0,21,89,0.0,False
2026-06-20 06:00:00,2026-06-20,6,3.8,44.42,48.22,27.9,3.48,5.0,27,92,0.2,False
2026-06-20 07:00:00,2026-06-20,7,66.16,112.97,179.13,28.5,4.75,87.0,57,87,0.3,False
2026-06-20 08:00:00,2026-06-20,8,169.59,140.65,310.24,29.7,5.11,223.0,59,79,0.3,False
2026-06-20 09:00:00,2026-06-20,9,307.24,142.31,449.55,31.7,5.13,404.0,37,67,0.1,False
2026-06-20 10:00:00,2026-06-20,10,422.07,152.53,574.6,33.2,5.25,555.0,46,61,0.1,False
2026-06-20 11:00:00,2026-06-20,11,503.45,142.31,645.76,34.3,5.13,662.0,33,53,0.1,False
2026-06-20 12:00:00,2026-06-20,12,619.8,156.93,776.73,35.8,5.3,815.0,31,48,0.1,False
2026-06-20 13:00:00,2026-06-20,13,626.65,166.9,793.55,35.5,5.41,824.0,40,48,0.2,False
2026-06-20 14:00:00,2026-06-20,14,610.68,151.66,762.34,36.7,5.24,803.0,100,46,0.1,False
2026-06-20 15:00:00,2026-06-20,15,490.52,198.3,688.82,36.0,5.73,645.0,78,47,0.0,False
2026-06-20 16:00:00,2026-06-20,16,328.53,263.57,592.1,34.8,6.3,432.0,17,50,0.9,False
2026-06-20 17:00:00,2026-06-20,17,274.54,238.08,512.62,35.2,6.09,361.0,9,46,0.0,False
2026-06-20 18:00:00,2026-06-20,18,157.42,250.0,407.42,33.7,6.19,207.0,48,51,0.0,False
2026-06-20 19:00:00,2026-06-20,19,39.55,243.99,283.54,32.3,6.14,52.0,5,56,0.0,False
2026-06-20 20:00:00,2026-06-20,20,0.0,130.97,130.97,31.1,4.99,0.0,4,61,0.0,False
2026-06-20 21:00:00,2026-06-20,21,0.0,129.4,129.4,30.3,4.97,0.0,4,66,0.0,False
2026-06-20 22:00:00,2026-06-20,22,0.0,78.65,78.65,29.5,4.21,0.0,2,72,0.0,False
2026-06-20 23:00:00,2026-06-20,23,0.0,64.96,64.96,29.5,3.95,0.0,18,76,0.0,False
2026-06-21 00:00:00,2026-06-21,0,0.0,65.97,65.97,29.1,3.92,0.0,13,78,0.0,False
2026-06-21 01:00:00,2026-06-21,1,0.0,52.82,52.82,29.0,3.64,0.0,23,80,0.0,False
2026-06-21 02:00:00,2026-06-21,2,0.0,47.77,47.77,28.5,3.52,0.0,28,83,0.0,False
2026-06-21 03:00:00,2026-06-21,3,0.0,56.38,56.38,28.4,3.72,0.0,29,84,0.0,False
2026-06-21 04:00:00,2026-06-21,4,0.0,46.56,46.56,27.9,3.49,0.0,23,87,0.1,False
2026-06-21 05:00:00,2026-06-21,5,0.0,17.32,17.32,28.1,2.51,0.0,24,89,0.1,False
2026-06-21 06:00:00,2026-06-21,6,3.46,20.38,23.84,28.2,2.65,5.0,21,88,0.0,False
2026-06-21 07:00:00,2026-06-21,7,60.13,70.09,130.22,29.0,4.0,87.0,29,84,0.1,False
2026-06-21 08:00:00,2026-06-21,8,172.8,85.87,258.67,29.5,4.28,250.0,25,82,0.2,False
2026-06-21 09:00:00,2026-06-21,9,302.75,92.03,394.78,31.0,4.38,438.0,23,73,0.2,False
2026-06-21 10:00:00,2026-06-21,10,420.94,106.6,527.54,33.0,4.6,609.0,13,62,0.1,False
2026-06-21 11:00:00,2026-06-21,11,538.45,114.43,652.88,34.8,4.71,779.0,17,53,0.0,False
2026-06-21 12:00:00,2026-06-21,12,584.76,134.45,719.21,36.0,4.97,846.0,15,46,0.0,False
2026-06-21 13:00:00,2026-06-21,13,599.27,163.05,762.32,37.0,5.3,867.0,17,42,0.0,False
2026-06-21 14:00:00,2026-06-21,14,584.76,219.26,804.02,37.2,5.85,846.0,11,41,0.0,False
2026-06-21 15:00:00,2026-06-21,15,490.75,228.38,719.13,36.9,5.93,710.0,13,41,0.0,False
2026-06-21 16:00:00,2026-06-21,16,402.28,211.48,613.76,36.8,5.78,582.0,14,41,0.0,False
2026-06-21 17:00:00,2026-06-21,17,275.1,167.71,442.81,36.3,5.35,398.0,63,40,0.0,False
2026-06-21 18:00:00,2026-06-21,18,141.7,302.16,443.86,34.5,6.51,205.0,8,47,0.0,False
2026-06-21 19:00:00,2026-06-21,19,42.85,272.55,315.4,32.5,6.29,62.0,1,54,0.0,False
2026-06-21 20:00:00,2026-06-21,20,0.0,209.3,209.3,31.4,5.76,0.0,2,59,0.0,False
2026-06-21 21:00:00,2026-06-21,21,0.0,154.88,154.88,30.6,5.21,0.0,2,63,0.0,False
2026-06-21 22:00:00,2026-06-21,22,0.0,130.43,130.43,30.0,4.92,0.0,5,66,0.0,False
2026-06-21 23:00:00,2026-06-21,23,0.0,110.12,110.12,29.6,4.65,0.0,8,71,0.0,False
2026-06-22 00:00:00,2026-06-22,0,0.0,1.23,1.23,29.2,4.49,0.0,10,74,0.0,False
2026-06-22 01:00:00,2026-06-22,1,0.0,1.11,1.11,28.9,4.34,0.0,13,77,0.0,False
2026-06-22 02:00:00,2026-06-22,2,0.0,0.93,0.93,28.5,4.09,0.0,12,80,0.0,False
2026-06-22 03:00:00,2026-06-22,3,0.0,0.85,0.85,28.4,3.97,0.0,4,81,0.0,False
2026-06-22 04:00:00,2026-06-22,4,0.0,0.75,0.75,28.0,3.81,0.0,9,82,0.0,False
2026-06-22 05:00:00,2026-06-22,5,0.0,0.95,0.95,28.3,4.12,0.0,19,88,0.0,False
2026-06-22 06:00:00,2026-06-22,6,0.04,1.54,1.58,27.5,4.84,4.0,24,94,0.3,False
2026-06-22 07:00:00,2026-06-22,7,0.75,1.38,2.13,28.8,4.67,73.0,17,84,0.2,False
2026-06-22 08:00:00,2026-06-22,8,2.56,1.83,4.39,30.8,5.13,248.0,2,66,0.0,False
2026-06-22 09:00:00,2026-06-22,9,4.89,2.06,6.95,32.4,5.33,475.0,1,55,0.0,False
2026-06-22 10:00:00,2026-06-22,10,6.83,2.07,8.9,33.9,5.34,663.0,1,49,0.0,False
2026-06-22 11:00:00,2026-06-22,11,8.4,2.12,10.52,35.3,5.38,815.0,4,44,0.0,False
2026-06-22 12:00:00,2026-06-22,12,9.25,1.9,11.15,36.8,5.19,898.0,4,40,0.0,False
2026-06-22 13:00:00,2026-06-22,13,9.47,1.91,11.38,38.0,5.2,919.0,23,36,0.0,False
2026-06-22 14:00:00,2026-06-22,14,8.63,2.24,10.87,38.2,5.48,837.0,13,35,0.0,False
2026-06-22 15:00:00,2026-06-22,15,7.86,2.83,10.69,38.3,5.93,763.0,22,35,0.0,False
2026-06-22 16:00:00,2026-06-22,16,5.59,3.04,8.63,37.2,6.07,542.0,21,38,0.0,False
2026-06-22 17:00:00,2026-06-22,17,4.3,3.27,7.57,36.7,6.22,417.0,23,39,0.0,False
2026-06-22 18:00:00,2026-06-22,18,2.18,3.78,5.96,34.8,6.53,212.0,13,45,0.0,False
2026-06-22 19:00:00,2026-06-22,19,0.63,2.91,3.54,33.2,5.98,61.0,5,50,0.0,False
2026-06-22 20:00:00,2026-06-22,20,0.01,3.35,3.36,31.8,6.27,1.0,3,58,0.0,False
2026-06-22 21:00:00,2026-06-22,21,0.0,2.32,2.32,31.0,5.55,0.0,9,63,0.0,False
2026-06-22 22:00:00,2026-06-22,22,0.0,1.73,1.73,30.2,5.03,0.0,11,68,0.0,False
2026-06-22 23:00:00,2026-06-22,23,0.0,1.49,1.49,29.8,4.79,0.0,15,70,0.0,False
2026-06-23 00:00:00,2026-06-23,0,0.0,2.35,2.35,29.4,4.83,0.0,19,73,0.0,True
2026-06-23 01:00:00,2026-06-23,1,0.0,1.89,1.89,29.1,4.49,0.0,20,74,0.0,True
2026-06-23 02:00:00,2026-06-23,2,0.0,2.12,2.12,28.9,4.67,0.0,16,77,0.0,True
2026-06-23 03:00:00,2026-06-23,3,0.0,1.58,1.58,28.5,4.23,0.0,28,80,0.0,True
2026-06-23 04:00:00,2026-06-23,4,0.0,0.87,0.87,28.1,3.47,0.0,40,84,0.0,True
2026-06-23 05:00:00,2026-06-23,5,0.0,0.81,0.81,27.9,3.38,0.0,13,85,0.0,True
2026-06-23 06:00:00,2026-06-23,6,0.08,0.7,0.78,27.9,3.22,5.0,15,86,0.1,True
2026-06-23 07:00:00,2026-06-23,7,1.52,1.45,2.97,28.9,4.11,91.0,11,80,0.0,True
2026-06-23 08:00:00,2026-06-23,8,4.27,1.88,6.15,30.2,4.48,256.0,23,73,0.0,True
2026-06-23 09:00:00,2026-06-23,9,7.45,2.12,9.57,31.8,4.67,447.0,38,64,0.0,True
2026-06-23 10:00:00,2026-06-23,10,10.09,2.45,12.54,33.6,4.9,605.0,26,55,0.0,True
2026-06-23 11:00:00,2026-06-23,11,12.12,2.9,15.02,35.2,5.18,727.0,45,48,0.0,True
2026-06-23 12:00:00,2026-06-23,12,13.01,2.56,15.57,36.4,4.97,780.0,41,44,0.0,True
2026-06-23 13:00:00,2026-06-23,13,13.32,2.32,15.64,37.1,4.81,799.0,12,41,0.0,True
2026-06-23 14:00:00,2026-06-23,14,14.26,3.41,17.67,38.0,5.47,855.0,3,38,0.0,True
2026-06-23 15:00:00,2026-06-23,15,12.52,4.64,17.16,38.0,6.06,751.0,16,38,0.0,True
2026-06-23 16:00:00,2026-06-23,16,10.39,5.57,15.96,37.5,6.44,623.0,8,40,0.0,True
2026-06-23 17:00:00,2026-06-23,17,7.22,7.53,14.75,36.0,7.12,433.0,6,44,0.0,True
2026-06-23 18:00:00,2026-06-23,18,3.89,6.64,10.53,34.3,6.83,233.0,3,49,0.0,True
2026-06-23 19:00:00,2026-06-23,19,1.07,5.39,6.46,32.7,6.37,64.0,4,55,0.0,True
2026-06-23 20:00:00,2026-06-23,20,0.02,4.78,4.8,31.4,6.12,1.0,1,60,0.0,True
2026-06-23 21:00:00,2026-06-23,21,0.0,3.82,3.82,30.6,5.68,0.0,1,64,0.0,True
2026-06-23 22:00:00,2026-06-23,22,0.0,3.23,3.23,29.9,5.37,0.0,7,67,0.0,True
2026-06-23 23:00:00,2026-06-23,23,0.0,3.14,3.14,29.5,5.32,0.0,10,71,0.0,True
2026-06-24 00:00:00,2026-06-24,0,0.0,1.75,1.75,29.0,5.09,0.0,5,74,0.0,True
2026-06-24 01:00:00,2026-06-24,1,0.0,1.36,1.36,28.5,4.68,0.0,5,78,0.0,True
2026-06-24 02:00:00,2026-06-24,2,0.0,1.38,1.38,28.3,4.71,0.0,23,79,0.0,True
2026-06-24 03:00:00,2026-06-24,3,0.0,1.41,1.41,28.1,4.74,0.0,41,80,0.0,True
2026-06-24 04:00:00,2026-06-24,4,0.0,1.38,1.38,28.2,4.71,0.0,9,80,0.0,True
2026-06-24 05:00:00,2026-06-24,5,0.0,1.31,1.31,28.1,4.62,0.0,11,81,0.0,True
2026-06-24 06:00:00,2026-06-24,6,0.08,0.95,1.03,28.2,4.16,5.0,20,80,0.0,True
2026-06-24 07:00:00,2026-06-24,7,1.45,2.29,3.74,28.8,5.57,90.0,55,78,0.1,True
2026-06-24 08:00:00,2026-06-24,8,3.65,2.9,6.55,30.2,6.03,226.0,32,71,0.1,True
2026-06-24 09:00:00,2026-06-24,9,6.94,3.11,10.05,32.0,6.17,430.0,22,62,0.0,True
2026-06-24 10:00:00,2026-06-24,10,9.7,3.26,12.96,33.8,6.27,601.0,42,54,0.0,True
2026-06-24 11:00:00,2026-06-24,11,11.77,3.33,15.1,35.4,6.31,729.0,34,47,0.0,True
2026-06-24 12:00:00,2026-06-24,12,13.49,3.6,17.09,36.1,6.48,836.0,14,44,0.0,True
2026-06-24 13:00:00,2026-06-24,13,14.62,3.7,18.32,37.1,6.54,906.0,4,41,0.0,True
2026-06-24 14:00:00,2026-06-24,14,13.86,4.39,18.25,37.3,6.92,859.0,9,41,0.0,True
2026-06-24 15:00:00,2026-06-24,15,12.59,4.6,17.19,37.2,7.03,780.0,5,40,0.0,True
2026-06-24 16:00:00,2026-06-24,16,10.09,5.45,15.54,36.5,7.44,625.0,3,42,0.0,True
2026-06-24 17:00:00,2026-06-24,17,7.0,5.56,12.56,35.2,7.49,434.0,7,47,0.0,True
2026-06-24 18:00:00,2026-06-24,18,3.71,5.28,8.99,33.4,7.36,230.0,7,53,0.0,True
2026-06-24 19:00:00,2026-06-24,19,1.03,4.16,5.19,32.0,6.8,64.0,3,57,0.0,True
2026-06-24 20:00:00,2026-06-24,20,0.02,3.53,3.55,30.9,6.44,1.0,2,62,0.0,True
2026-06-24 21:00:00,2026-06-24,21,0.0,3.02,3.02,30.1,6.11,0.0,3,66,0.0,True
2026-06-24 22:00:00,2026-06-24,22,0.0,2.52,2.52,29.8,5.75,0.0,56,68,0.0,True
2026-06-24 23:00:00,2026-06-24,23,0.0,3.11,3.11,29.6,6.17,0.0,30,70,0.0,True
2026-06-25 00:00:00,2026-06-25,0,0.0,2.45,2.45,29.2,6.03,0.0,8,72,0.0,True
2026-06-25 01:00:00,2026-06-25,1,0.0,2.45,2.45,28.8,6.03,0.0,8,74,0.0,True
2026-06-25 02:00:00,2026-06-25,2,0.0,2.17,2.17,28.6,5.79,0.0,15,76,0.0,True
2026-06-25 03:00:00,2026-06-25,3,0.0,1.4,1.4,28.3,5.0,0.0,35,77,0.0,True
2026-06-25 04:00:00,2026-06-25,4,0.0,1.12,1.12,28.3,4.64,0.0,41,78,0.0,True
2026-06-25 05:00:00,2026-06-25,5,0.0,0.96,0.96,28.2,4.41,0.0,87,78,0.0,True
2026-06-25 06:00:00,2026-06-25,6,0.06,1.08,1.14,28.2,4.59,4.0,16,79,0.0,True
2026-06-25 07:00:00,2026-06-25,7,1.45,2.02,3.47,29.1,5.66,90.0,23,75,0.0,True
2026-06-25 08:00:00,2026-06-25,8,4.08,3.02,7.1,30.5,6.47,253.0,19,68,0.0,True
2026-06-25 09:00:00,2026-06-25,9,7.4,3.57,10.97,32.2,6.84,459.0,42,59,0.0,True
2026-06-25 10:00:00,2026-06-25,10,10.14,3.96,14.1,33.9,7.08,629.0,39,52,0.0,True
2026-06-25 11:00:00,2026-06-25,11,12.52,3.39,15.91,35.2,6.72,777.0,12,48,0.0,True
2026-06-25 12:00:00,2026-06-25,12,13.94,3.48,17.42,36.4,6.78,865.0,9,44,0.0,True
2026-06-25 13:00:00,2026-06-25,13,14.86,4.2,19.06,37.2,7.22,922.0,0,41,0.0,True
2026-06-25 14:00:00,2026-06-25,14,14.23,4.96,19.19,37.3,7.63,883.0,7,41,0.0,True
2026-06-25 15:00:00,2026-06-25,15,12.65,5.44,18.09,36.9,7.87,785.0,2,42,0.0,True
2026-06-25 16:00:00,2026-06-25,16,10.17,5.36,15.53,36.2,7.83,631.0,4,44,0.0,True
2026-06-25 17:00:00,2026-06-25,17,7.04,5.44,12.48,35.0,7.87,437.0,5,48,0.0,True
2026-06-25 18:00:00,2026-06-25,18,3.76,4.52,8.28,33.4,7.4,233.0,5,53,0.0,True
2026-06-25 19:00:00,2026-06-25,19,1.06,3.73,4.79,31.8,6.94,66.0,2,59,0.0,True
2026-06-25 20:00:00,2026-06-25,20,0.0,3.09,3.09,30.8,6.52,0.0,9,63,0.0,True
2026-06-25 21:00:00,2026-06-25,21,0.0,2.62,2.62,30.2,6.17,0.0,16,65,0.0,True
2026-06-25 22:00:00,2026-06-25,22,0.0,2.86,2.86,29.9,6.35,0.0,32,67,0.0,True
2026-06-25 23:00:00,2026-06-25,23,0.0,2.28,2.28,29.5,5.89,0.0,18,71,0.0,True
2026-06-26 00:00:00,2026-06-26,0,0.0,2.67,2.67,29.2,5.5,0.0,19,73,0.0,True
2026-06-26 01:00:00,2026-06-26,1,0.0,2.16,2.16,28.8,5.12,0.0,20,75,0.0,True
2026-06-26 02:00:00,2026-06-26,2,0.0,1.71,1.71,28.6,4.74,0.0,19,76,0.0,True
2026-06-26 03:00:00,2026-06-26,3,0.0,1.4,1.4,28.3,4.43,0.0,14,78,0.0,True
2026-06-26 04:00:00,2026-06-26,4,0.0,1.16,1.16,28.1,4.17,0.0,8,79,0.0,True
2026-06-26 05:00:00,2026-06-26,5,0.0,1.17,1.17,28.2,4.18,0.0,5,79,0.0,True
2026-06-26 06:00:00,2026-06-26,6,0.12,1.59,1.71,28.7,4.63,7.0,11,77,0.0,True
2026-06-26 07:00:00,2026-06-26,7,1.71,2.49,4.2,29.4,5.37,104.0,21,74,0.0,True
2026-06-26 08:00:00,2026-06-26,8,3.82,3.25,7.07,30.4,5.87,232.0,26,69,0.0,True
2026-06-26 09:00:00,2026-06-26,9,6.26,3.33,9.59,31.9,5.92,380.0,21,62,0.0,True
2026-06-26 10:00:00,2026-06-26,10,9.0,3.02,12.02,33.6,5.73,547.0,12,53,0.0,True
2026-06-26 11:00:00,2026-06-26,11,11.49,2.98,14.47,35.1,5.7,698.0,5,48,0.0,True
2026-06-26 12:00:00,2026-06-26,12,13.27,3.42,16.69,36.2,5.97,806.0,5,44,0.0,True
2026-06-26 13:00:00,2026-06-26,13,14.22,4.13,18.35,37.1,6.36,864.0,7,42,0.0,True
2026-06-26 14:00:00,2026-06-26,14,14.07,4.9,18.97,37.4,6.73,855.0,9,41,0.0,True
2026-06-26 15:00:00,2026-06-26,15,12.82,5.39,18.21,37.1,6.95,779.0,9,41,0.0,True
2026-06-26 16:00:00,2026-06-26,16,10.63,5.61,16.24,36.2,7.04,646.0,8,44,0.0,True
2026-06-26 17:00:00,2026-06-26,17,7.74,5.58,13.32,35.1,7.03,470.0,9,46,0.0,True
2026-06-26 18:00:00,2026-06-26,18,4.48,4.9,9.38,33.9,6.73,272.0,14,50,0.0,True
2026-06-26 19:00:00,2026-06-26,19,1.51,4.04,5.55,32.5,6.31,92.0,21,55,0.0,True
2026-06-26 20:00:00,2026-06-26,20,0.02,3.18,3.2,31.3,5.83,1.0,25,59,0.0,True
2026-06-26 21:00:00,2026-06-26,21,0.0,2.54,2.54,30.6,5.41,0.0,24,62,0.0,True
2026-06-26 22:00:00,2026-06-26,22,0.0,1.94,1.94,30.2,4.94,0.0,20,65,0.0,True
2026-06-26 23:00:00,2026-06-26,23,0.0,1.54,1.54,29.8,4.58,0.0,16,67,0.0,True
2026-06-27 00:00:00,2026-06-27,0,0.0,2.0,2.0,29.4,4.31,0.0,12,70,0.0,True
2026-06-27 01:00:00,2026-06-27,1,0.0,1.78,1.78,28.9,4.15,0.0,8,74,0.0,True
2026-06-27 02:00:00,2026-06-27,2,0.0,1.54,1.54,28.6,3.95,0.0,12,77,0.0,True
2026-06-27 03:00:00,2026-06-27,3,0.0,1.16,1.16,28.2,3.6,0.0,33,79,0.0,True
2026-06-27 04:00:00,2026-06-27,4,0.0,0.87,0.87,27.9,3.27,0.0,63,81,0.0,True
2026-06-27 05:00:00,2026-06-27,5,0.0,0.75,0.75,28.0,3.11,0.0,79,81,0.0,True
2026-06-27 06:00:00,2026-06-27,6,0.1,0.97,1.07,28.4,3.39,7.0,70,79,0.0,True
2026-06-27 07:00:00,2026-06-27,7,1.42,1.49,2.91,29.1,3.91,100.0,48,76,0.0,True
2026-06-27 08:00:00,2026-06-27,8,3.21,1.94,5.15,30.2,4.27,226.0,31,71,0.0,True
2026-06-27 09:00:00,2026-06-27,9,5.32,1.87,7.19,31.7,4.22,375.0,28,63,0.0,True
2026-06-27 10:00:00,2026-06-27,10,7.75,1.58,9.33,33.4,3.99,546.0,31,55,0.0,True
2026-06-27 11:00:00,2026-06-27,11,9.92,1.4,11.32,35.0,3.83,699.0,31,49,0.0,True
2026-06-27 12:00:00,2026-06-27,12,11.39,1.33,12.72,36.4,3.76,803.0,22,44,0.0,True
2026-06-27 13:00:00,2026-06-27,13,12.1,1.29,13.39,37.6,3.73,853.0,11,39,0.0,True
2026-06-27 14:00:00,2026-06-27,14,11.9,1.54,13.44,38.2,3.95,839.0,4,37,0.0,True
2026-06-27 15:00:00,2026-06-27,15,10.87,2.41,13.28,38.2,4.59,766.0,9,37,0.0,True
2026-06-27 16:00:00,2026-06-27,16,9.07,4.01,13.08,37.7,5.44,639.0,19,39,0.0,True
2026-06-27 17:00:00,2026-06-27,17,6.61,5.44,12.05,36.8,6.02,466.0,24,41,0.0,True
2026-06-27 18:00:00,2026-06-27,18,3.76,5.91,9.67,35.4,6.19,265.0,19,45,0.0,True
2026-06-27 19:00:00,2026-06-27,19,1.25,5.74,6.99,33.6,6.13,88.0,8,50,0.0,True
2026-06-27 20:00:00,2026-06-27,20,0.01,5.36,5.37,32.0,5.99,1.0,1,56,0.0,True
2026-06-27 21:00:00,2026-06-27,21,0.0,4.89,4.89,31.0,5.81,0.0,0,60,0.0,True
2026-06-27 22:00:00,2026-06-27,22,0.0,4.26,4.26,30.3,5.55,0.0,1,65,0.0,True
2026-06-27 23:00:00,2026-06-27,23,0.0,3.55,3.55,29.8,5.22,0.0,3,69,0.0,True
2026-06-28 00:00:00,2026-06-28,0,0.0,2.38,2.38,29.3,4.88,0.0,5,72,0.0,True
2026-06-28 01:00:00,2026-06-28,1,0.0,1.83,1.83,29.0,4.47,0.0,7,74,0.0,True
2026-06-28 02:00:00,2026-06-28,2,0.0,1.4,1.4,28.7,4.09,0.0,9,76,0.0,True
2026-06-28 03:00:00,2026-06-28,3,0.0,1.04,1.04,27.8,3.7,0.0,3,81,0.0,True
2026-06-28 04:00:00,2026-06-28,4,0.0,0.78,0.78,27.8,3.37,0.0,5,82,0.0,True
2026-06-28 05:00:00,2026-06-28,5,0.0,0.69,0.69,28.1,3.23,0.0,7,80,0.0,True
2026-06-28 06:00:00,2026-06-28,6,0.13,0.72,0.85,28.9,3.27,8.0,10,76,0.0,True
2026-06-28 07:00:00,2026-06-28,7,2.15,0.79,2.94,30.0,3.38,130.0,15,70,0.0,True
2026-06-28 08:00:00,2026-06-28,8,4.73,1.01,5.74,31.5,3.67,286.0,20,63,0.0,True
2026-06-28 09:00:00,2026-06-28,9,7.1,1.27,8.37,32.9,3.96,429.0,24,57,0.0,True
2026-06-28 10:00:00,2026-06-28,10,9.15,1.58,10.73,34.2,4.26,553.0,27,52,0.0,True
2026-06-28 11:00:00,2026-06-28,11,10.78,1.94,12.72,35.1,4.56,651.0,28,48,0.0,True
2026-06-28 12:00:00,2026-06-28,12,11.99,2.37,14.36,35.7,4.87,724.0,25,46,0.0,True
2026-06-28 13:00:00,2026-06-28,13,12.68,3.02,15.7,36.1,5.28,766.0,20,44,0.0,True
2026-06-28 14:00:00,2026-06-28,14,12.7,3.66,16.36,36.4,5.63,767.0,13,43,0.0,True
2026-06-28 15:00:00,2026-06-28,15,11.89,4.47,16.36,36.4,6.02,718.0,6,42,0.0,True
2026-06-28 16:00:00,2026-06-28,16,10.2,5.12,15.32,36.3,6.3,616.0,2,42,0.0,True
2026-06-28 17:00:00,2026-06-28,17,7.75,5.65,13.4,36.0,6.51,468.0,0,42,0.0,True
2026-06-28 18:00:00,2026-06-28,18,4.78,5.84,10.62,35.4,6.58,289.0,3,44,0.0,True
2026-06-28 19:00:00,2026-06-28,19,1.77,5.86,7.63,34.4,6.59,107.0,9,47,0.0,True
2026-06-28 20:00:00,2026-06-28,20,0.03,5.68,5.71,33.3,6.52,2.0,18,52,0.0,True
2026-06-28 21:00:00,2026-06-28,21,0.0,5.35,5.35,32.1,6.39,0.0,26,57,0.0,True
2026-06-28 22:00:00,2026-06-28,22,0.0,4.96,4.96,31.0,6.23,0.0,33,62,0.0,True
2026-06-28 23:00:00,2026-06-28,23,0.0,4.47,4.47,30.2,6.02,0.0,36,66,0.0,True
2026-06-29 00:00:00,2026-06-29,0,0.0,2.81,2.81,29.6,5.71,0.0,35,70,0.0,True
2026-06-29 01:00:00,2026-06-29,1,0.0,2.2,2.2,29.0,5.26,0.0,31,74,0.0,True
2026-06-29 02:00:00,2026-06-29,2,0.0,1.62,1.62,28.5,4.75,0.0,25,77,0.0,True
2026-06-29 03:00:00,2026-06-29,3,0.0,1.23,1.23,28.2,4.34,0.0,19,80,0.0,True
2026-06-29 04:00:00,2026-06-29,4,0.0,0.97,0.97,28.1,4.0,0.0,15,81,0.0,True
2026-06-29 05:00:00,2026-06-29,5,0.0,0.89,0.89,28.4,3.89,0.0,12,80,0.0,True
2026-06-29 06:00:00,2026-06-29,6,0.15,1.0,1.15,29.1,4.05,9.0,12,76,0.0,True
2026-06-29 07:00:00,2026-06-29,7,2.24,1.26,3.5,30.3,4.37,138.0,15,69,0.0,True
2026-06-29 08:00:00,2026-06-29,8,4.91,1.74,6.65,31.8,4.87,302.0,19,62,0.0,True
2026-06-29 09:00:00,2026-06-29,9,7.4,2.39,9.79,33.2,5.41,455.0,22,56,0.0,True
2026-06-29 10:00:00,2026-06-29,10,9.53,3.1,12.63,34.5,5.9,586.0,25,50,0.0,True
2026-06-29 11:00:00,2026-06-29,11,11.22,3.68,14.9,35.4,6.25,690.0,25,47,0.0,True
2026-06-29 12:00:00,2026-06-29,12,12.44,4.03,16.47,35.9,6.44,765.0,23,45,0.0,True
2026-06-29 13:00:00,2026-06-29,13,13.12,4.42,17.54,36.3,6.64,807.0,18,44,0.0,True
2026-06-29 14:00:00,2026-06-29,14,13.11,4.64,17.75,36.4,6.75,806.0,13,43,0.0,True
2026-06-29 15:00:00,2026-06-29,15,12.23,4.89,17.12,36.4,6.87,752.0,7,42,0.0,True
2026-06-29 16:00:00,2026-06-29,16,10.47,4.96,15.43,36.2,6.9,644.0,3,43,0.0,True
2026-06-29 17:00:00,2026-06-29,17,7.94,4.87,12.81,35.8,6.86,488.0,1,44,0.0,True
2026-06-29 18:00:00,2026-06-29,18,4.9,4.7,9.6,35.2,6.78,301.0,1,46,0.0,True
2026-06-29 19:00:00,2026-06-29,19,1.82,4.4,6.22,34.2,6.63,112.0,4,50,0.0,True
2026-06-29 20:00:00,2026-06-29,20,0.03,4.14,4.17,33.1,6.5,2.0,7,54,0.0,True
2026-06-29 21:00:00,2026-06-29,21,0.0,3.77,3.77,31.9,6.3,0.0,11,60,0.0,True
2026-06-29 22:00:00,2026-06-29,22,0.0,3.51,3.51,30.8,6.15,0.0,14,65,0.0,True
2026-06-29 23:00:00,2026-06-29,23,0.0,3.13,3.13,30.0,5.92,0.0,16,70,0.0,True
2026-06-30 00:00:00,2026-06-30,0,0.0,3.38,3.38,29.4,5.57,0.0,17,74,0.0,True
2026-06-30 01:00:00,2026-06-30,1,0.0,2.6,2.6,28.8,5.1,0.0,17,78,0.0,True
2026-06-30 02:00:00,2026-06-30,2,0.0,1.87,1.87,28.3,4.57,0.0,16,82,0.0,True
2026-06-30 03:00:00,2026-06-30,3,0.0,1.35,1.35,28.0,4.1,0.0,15,84,0.0,True
2026-06-30 04:00:00,2026-06-30,4,0.0,1.0,1.0,27.9,3.71,0.0,14,85,0.0,True
2026-06-30 05:00:00,2026-06-30,5,0.0,0.87,0.87,28.2,3.54,0.0,14,84,0.0,True
2026-06-30 06:00:00,2026-06-30,6,0.13,0.89,1.02,28.9,3.57,8.0,14,79,0.0,True
2026-06-30 07:00:00,2026-06-30,7,2.23,1.09,3.32,30.1,3.82,139.0,14,72,0.0,True
2026-06-30 08:00:00,2026-06-30,8,4.9,1.42,6.32,31.6,4.17,306.0,14,65,0.0,True
2026-06-30 09:00:00,2026-06-30,9,7.39,1.87,9.26,33.1,4.57,461.0,14,58,0.0,True
2026-06-30 10:00:00,2026-06-30,10,9.52,2.39,11.91,34.4,4.96,594.0,14,52,0.0,True
2026-06-30 11:00:00,2026-06-30,11,11.22,2.86,14.08,35.4,5.27,700.0,13,49,0.0,True
2026-06-30 12:00:00,2026-06-30,12,12.44,3.35,15.79,35.9,5.55,776.0,12,46,0.0,True
2026-06-30 13:00:00,2026-06-30,13,13.11,3.96,17.07,36.3,5.87,818.0,10,45,0.0,True
2026-06-30 14:00:00,2026-06-30,14,13.08,4.69,17.77,36.6,6.21,816.0,8,43,0.0,True
2026-06-30 15:00:00,2026-06-30,15,12.2,5.35,17.55,36.6,6.49,761.0,6,43,0.0,True
2026-06-30 16:00:00,2026-06-30,16,10.44,5.89,16.33,36.5,6.7,651.0,6,43,0.0,True
2026-06-30 17:00:00,2026-06-30,17,7.9,6.02,13.92,36.1,6.75,493.0,6,44,0.0,True
2026-06-30 18:00:00,2026-06-30,18,4.87,5.73,10.6,35.5,6.64,304.0,8,46,0.0,True
2026-06-30 19:00:00,2026-06-30,19,1.8,4.99,6.79,34.5,6.34,112.0,13,49,0.0,True
2026-06-30 20:00:00,2026-06-30,20,0.03,4.23,4.26,33.4,6.0,2.0,18,54,0.0,True
2026-06-30 21:00:00,2026-06-30,21,0.0,3.4,3.4,32.2,5.58,0.0,23,59,0.0,True
2026-06-30 22:00:00,2026-06-30,22,0.0,2.77,2.77,31.1,5.21,0.0,27,65,0.0,True
2026-06-30 23:00:00,2026-06-30,23,0.0,2.23,2.23,30.3,4.85,0.0,29,69,0.0,True
2026-07-01 00:00:00,2026-07-01,0,0.0,2.28,2.28,29.6,4.53,0.0,29,73,0.0,True
2026-07-01 01:00:00,2026-07-01,1,0.0,1.78,1.78,29.0,4.17,0.0,27,77,0.0,True
2026-07-01 02:00:00,2026-07-01,2,0.0,1.37,1.37,28.5,3.82,0.0,25,81,0.0,True
2026-07-01 03:00:00,2026-07-01,3,0.0,1.05,1.05,28.2,3.5,0.0,22,83,0.0,True
2026-07-01 04:00:00,2026-07-01,4,0.0,0.88,0.88,28.1,3.29,0.0,20,84,0.0,True
2026-07-01 05:00:00,2026-07-01,5,0.0,0.79,0.79,28.4,3.18,0.0,18,83,0.0,True
2026-07-01 06:00:00,2026-07-01,6,0.12,0.82,0.94,29.2,3.22,8.0,17,78,0.0,True
2026-07-01 07:00:00,2026-07-01,7,1.96,0.97,2.93,30.5,3.4,133.0,17,72,0.0,True
2026-07-01 08:00:00,2026-07-01,8,4.37,1.19,5.56,32.0,3.65,296.0,18,64,0.0,True
2026-07-01 09:00:00,2026-07-01,9,6.59,1.5,8.09,33.6,3.94,446.0,18,57,0.0,True
2026-07-01 10:00:00,2026-07-01,10,8.49,1.86,10.35,35.0,4.23,575.0,19,52,0.0,True
2026-07-01 11:00:00,2026-07-01,11,9.93,2.17,12.1,36.0,4.45,672.0,19,48,0.0,True
2026-07-01 12:00:00,2026-07-01,12,10.84,2.47,13.31,36.6,4.65,734.0,20,46,0.0,True
2026-07-01 13:00:00,2026-07-01,13,11.18,2.89,14.07,37.0,4.9,757.0,21,44,0.0,True
2026-07-01 14:00:00,2026-07-01,14,10.87,3.36,14.23,37.3,5.15,736.0,22,42,0.0,True
2026-07-01 15:00:00,2026-07-01,15,9.91,3.83,13.74,37.3,5.38,671.0,23,41,0.0,True
2026-07-01 16:00:00,2026-07-01,16,8.32,4.16,12.48,37.2,5.53,563.0,24,41,0.0,True
2026-07-01 17:00:00,2026-07-01,17,6.23,4.46,10.69,36.8,5.66,422.0,23,42,0.0,True
2026-07-01 18:00:00,2026-07-01,18,3.83,4.55,8.38,36.0,5.7,259.0,21,44,0.0,True
2026-07-01 19:00:00,2026-07-01,19,1.43,4.5,5.93,34.9,5.68,97.0,17,48,0.0,True
2026-07-01 20:00:00,2026-07-01,20,0.01,4.36,4.37,33.6,5.62,1.0,13,54,0.0,True
2026-07-01 21:00:00,2026-07-01,21,0.0,4.11,4.11,32.2,5.51,0.0,9,60,0.0,True
2026-07-01 22:00:00,2026-07-01,22,0.0,3.89,3.89,31.0,5.41,0.0,6,67,0.0,True
2026-07-01 23:00:00,2026-07-01,23,0.0,3.5,3.5,30.1,5.22,0.0,4,72,0.0,True
2026-07-02 00:00:00,2026-07-02,0,0.0,2.21,2.21,29.4,4.95,0.0,4,76,0.0,True
2026-07-02 01:00:00,2026-07-02,1,0.0,1.76,1.76,28.8,4.59,0.0,5,80,0.0,True
2026-07-02 02:00:00,2026-07-02,2,0.0,1.3,1.3,28.4,4.15,0.0,8,83,0.0,True
2026-07-02 03:00:00,2026-07-02,3,0.0,1.01,1.01,28.2,3.81,0.0,10,85,0.0,True
2026-07-02 04:00:00,2026-07-02,4,0.0,0.77,0.77,28.1,3.48,0.0,13,86,0.0,True
2026-07-02 05:00:00,2026-07-02,5,0.0,0.67,0.67,28.4,3.33,0.0,15,84,0.0,True
2026-07-02 06:00:00,2026-07-02,6,0.1,0.67,0.77,29.2,3.32,7.0,16,79,0.0,True
2026-07-02 07:00:00,2026-07-02,7,1.73,0.77,2.5,30.3,3.49,126.0,17,73,0.0,True
2026-07-02 08:00:00,2026-07-02,8,3.87,0.91,4.78,31.7,3.69,282.0,18,66,0.0,True
2026-07-02 09:00:00,2026-07-02,9,5.85,1.15,7.0,33.2,3.98,426.0,19,59,0.0,True
2026-07-02 10:00:00,2026-07-02,10,7.53,1.37,8.9,34.5,4.22,548.0,22,53,0.0,True
2026-07-02 11:00:00,2026-07-02,11,8.75,1.66,10.41,35.4,4.5,637.0,27,50,0.0,True
2026-07-02 12:00:00,2026-07-02,12,9.42,1.95,11.37,36.0,4.75,686.0,36,47,0.0,True
2026-07-02 13:00:00,2026-07-02,13,9.52,2.43,11.95,36.5,5.11,693.0,49,45,0.0,True
2026-07-02 14:00:00,2026-07-02,14,9.05,2.93,11.98,36.8,5.44,659.0,64,44,0.0,True
2026-07-02 15:00:00,2026-07-02,15,8.03,3.41,11.44,36.9,5.72,585.0,78,43,0.0,True
2026-07-02 16:00:00,2026-07-02,16,6.59,3.89,10.48,36.8,5.98,480.0,87,43,0.0,True
2026-07-02 17:00:00,2026-07-02,17,4.83,4.11,8.94,36.5,6.09,352.0,91,43,0.0,True
2026-07-02 18:00:00,2026-07-02,18,2.91,4.11,7.02,35.8,6.09,212.0,87,46,0.0,True
2026-07-02 19:00:00,2026-07-02,19,1.06,3.89,4.95,34.8,5.98,77.0,76,50,0.0,True
2026-07-02 20:00:00,2026-07-02,20,0.01,3.55,3.56,33.5,5.8,1.0,61,55,0.0,True
2026-07-02 21:00:00,2026-07-02,21,0.0,3.11,3.11,32.2,5.55,0.0,46,61,0.0,True
2026-07-02 22:00:00,2026-07-02,22,0.0,2.76,2.76,31.0,5.33,0.0,32,67,0.0,True
2026-07-02 23:00:00,2026-07-02,23,0.0,2.44,2.44,30.1,5.12,0.0,23,72,0.0,True
2026-07-03 00:00:00,2026-07-03,0,0.0,1.73,1.73,29.4,4.91,0.0,19,76,0.0,True
2026-07-03 01:00:00,2026-07-03,1,0.0,1.52,1.52,28.8,4.7,0.0,18,80,0.0,True
2026-07-03 02:00:00,2026-07-03,2,0.0,1.26,1.26,28.4,4.42,0.0,18,83,0.0,True
2026-07-03 03:00:00,2026-07-03,3,0.0,1.07,1.07,28.1,4.18,0.0,20,85,0.0,True
2026-07-03 04:00:00,2026-07-03,4,0.0,0.96,0.96,28.1,4.04,0.0,22,86,0.0,True
2026-07-03 05:00:00,2026-07-03,5,0.0,0.9,0.9,28.4,3.94,0.0,23,84,0.0,True
2026-07-03 06:00:00,2026-07-03,6,0.08,0.92,1.0,29.1,3.98,7.0,23,80,0.0,True
2026-07-03 07:00:00,2026-07-03,7,1.41,0.98,2.39,30.4,4.06,122.0,23,73,0.0,True
2026-07-03 08:00:00,2026-07-03,8,3.16,1.1,4.26,31.8,4.22,274.0,23,65,0.0,True
2026-07-03 09:00:00,2026-07-03,9,4.79,1.25,6.04,33.3,4.4,415.0,24,58,0.0,True
2026-07-03 10:00:00,2026-07-03,10,6.16,1.44,7.6,34.6,4.62,534.0,26,53,0.0,True
2026-07-03 11:00:00,2026-07-03,11,7.18,1.6,8.78,35.5,4.78,622.0,31,49,0.0,True
2026-07-03 12:00:00,2026-07-03,12,7.78,1.81,9.59,35.9,4.98,674.0,40,47,0.0,True
2026-07-03 13:00:00,2026-07-03,13,7.93,2.06,9.99,36.2,5.2,687.0,51,46,0.0,True
2026-07-03 14:00:00,2026-07-03,14,7.6,2.43,10.03,36.2,5.5,659.0,65,45,0.0,True
2026-07-03 15:00:00,2026-07-03,15,6.82,2.75,9.57,36.1,5.73,591.0,78,45,0.0,True
2026-07-03 16:00:00,2026-07-03,16,5.63,2.96,8.59,35.8,5.87,488.0,90,45,0.0,True
2026-07-03 17:00:00,2026-07-03,17,4.14,3.13,7.27,35.4,5.98,359.0,98,47,0.0,True
2026-07-03 18:00:00,2026-07-03,18,2.5,3.02,5.52,34.7,5.91,217.0,100,49,0.0,True
2026-07-03 19:00:00,2026-07-03,19,0.91,2.83,3.74,33.8,5.78,79.0,100,53,0.0,True
2026-07-03 20:00:00,2026-07-03,20,0.01,2.5,2.51,32.7,5.55,1.0,100,58,0.0,True
2026-07-03 21:00:00,2026-07-03,21,0.0,2.18,2.18,31.6,5.3,0.0,100,64,0.0,True
2026-07-03 22:00:00,2026-07-03,22,0.0,1.93,1.93,30.6,5.09,0.0,100,69,0.0,True
2026-07-03 23:00:00,2026-07-03,23,0.0,1.73,1.73,29.9,4.91,0.0,98,74,0.0,True
2026-07-04 00:00:00,2026-07-04,0,0.0,1.34,1.34,29.3,4.71,0.0,93,77,0.0,True
2026-07-04 01:00:00,2026-07-04,1,0.0,1.14,1.14,28.7,4.46,0.0,85,81,0.0,True
2026-07-04 02:00:00,2026-07-04,2,0.0,0.99,0.99,28.3,4.26,0.0,76,84,0.0,True
2026-07-04 03:00:00,2026-07-04,3,0.0,0.83,0.83,28.0,4.02,0.0,67,86,0.0,True
2026-07-04 04:00:00,2026-07-04,4,0.0,0.74,0.74,28.0,3.87,0.0,59,87,0.0,True
2026-07-04 05:00:00,2026-07-04,5,0.0,0.74,0.74,28.2,3.86,0.0,53,85,0.0,True
2026-07-04 06:00:00,2026-07-04,6,0.09,0.79,0.88,29.0,3.95,7.0,49,80,0.0,True
2026-07-04 07:00:00,2026-07-04,7,1.63,0.92,2.55,30.2,4.16,123.0,46,74,0.0,True
2026-07-04 08:00:00,2026-07-04,8,3.69,1.12,4.81,31.6,4.44,278.0,44,66,0.0,True
2026-07-04 09:00:00,2026-07-04,9,5.59,1.35,6.94,33.1,4.72,421.0,42,59,0.0,True
2026-07-04 10:00:00,2026-07-04,10,7.19,1.63,8.82,34.3,5.03,542.0,40,54,0.0,True
2026-07-04 11:00:00,2026-07-04,11,8.36,1.92,10.28,35.2,5.31,630.0,38,50,0.0,True
2026-07-04 12:00:00,2026-07-04,12,9.01,2.19,11.2,35.6,5.55,679.0,35,49,0.0,True
2026-07-04 13:00:00,2026-07-04,13,9.09,2.58,11.67,35.9,5.86,685.0,30,47,0.0,True
2026-07-04 14:00:00,2026-07-04,14,8.62,3.03,11.65,36.0,6.18,650.0,25,47,0.0,True
2026-07-04 15:00:00,2026-07-04,15,7.67,3.39,11.06,35.9,6.42,578.0,22,47,0.0,True
2026-07-04 16:00:00,2026-07-04,16,6.33,3.67,10.0,35.6,6.59,477.0,20,47,0.0,True
2026-07-04 17:00:00,2026-07-04,17,4.71,3.86,8.57,35.2,6.7,355.0,22,48,0.0,True
2026-07-04 18:00:00,2026-07-04,18,2.93,3.8,6.73,34.6,6.67,221.0,28,50,0.0,True
2026-07-04 19:00:00,2026-07-04,19,1.11,3.55,4.66,33.7,6.52,84.0,38,53,0.0,True
2026-07-04 20:00:00,2026-07-04,20,0.01,3.28,3.29,32.7,6.35,1.0,50,57,0.0,True
2026-07-04 21:00:00,2026-07-04,21,0.0,2.92,2.92,31.6,6.11,0.0,62,62,0.0,True
2026-07-04 22:00:00,2026-07-04,22,0.0,2.58,2.58,30.6,5.86,0.0,73,67,0.0,True
2026-07-04 23:00:00,2026-07-04,23,0.0,2.31,2.31,29.9,5.65,0.0,81,70,0.0,True
2026-07-05 00:00:00,2026-07-05,0,0.0,1.7,1.7,29.3,5.44,0.0,86,74,0.0,True
2026-07-05 01:00:00,2026-07-05,1,0.0,1.49,1.49,28.7,5.2,0.0,91,77,0.0,True
2026-07-05 02:00:00,2026-07-05,2,0.0,1.29,1.29,28.3,4.96,0.0,94,80,0.0,True
2026-07-05 03:00:00,2026-07-05,3,0.0,1.14,1.14,28.0,4.76,0.0,95,83,0.0,True
2026-07-05 04:00:00,2026-07-05,4,0.0,1.02,1.02,28.0,4.58,0.0,94,84,0.0,True
2026-07-05 05:00:00,2026-07-05,5,0.0,0.99,0.99,28.3,4.54,0.0,92,82,0.0,True
2026-07-05 06:00:00,2026-07-05,6,0.08,1.0,1.08,29.0,4.56,6.0,87,78,0.0,True
2026-07-05 07:00:00,2026-07-05,7,1.55,1.09,2.64,30.2,4.69,123.0,78,72,0.0,True
2026-07-05 08:00:00,2026-07-05,8,3.49,1.23,4.72,31.7,4.88,277.0,68,64,0.0,True
2026-07-05 09:00:00,2026-07-05,9,5.28,1.43,6.71,33.2,5.13,419.0,58,58,0.0,True
2026-07-05 10:00:00,2026-07-05,10,6.84,1.61,8.45,34.5,5.34,543.0,48,53,0.0,True
2026-07-05 11:00:00,2026-07-05,11,8.1,1.88,9.98,35.3,5.62,643.0,39,49,0.0,True
2026-07-05 12:00:00,2026-07-05,12,9.07,2.22,11.29,35.8,5.94,720.0,31,47,0.0,True
2026-07-05 13:00:00,2026-07-05,13,9.69,2.63,12.32,36.1,6.29,770.0,22,46,0.0,True
2026-07-05 14:00:00,2026-07-05,14,9.81,3.25,13.06,36.1,6.75,779.0,13,46,0.0,True
2026-07-05 15:00:00,2026-07-05,15,9.27,3.8,13.07,36.0,7.11,736.0,7,46,0.0,True
2026-07-05 16:00:00,2026-07-05,16,8.01,4.22,12.23,35.8,7.36,636.0,3,46,0.0,True
2026-07-05 17:00:00,2026-07-05,17,6.11,4.41,10.52,35.4,7.47,485.0,4,47,0.0,True
2026-07-05 18:00:00,2026-07-05,18,3.78,4.29,8.07,34.8,7.4,300.0,12,49,0.0,True
2026-07-05 19:00:00,2026-07-05,19,1.4,3.92,5.32,34.0,7.18,111.0,26,52,0.0,True
2026-07-05 20:00:00,2026-07-05,20,0.03,3.37,3.4,33.0,6.83,2.0,44,55,0.0,True
2026-07-05 21:00:00,2026-07-05,21,0.0,2.83,2.83,32.0,6.44,0.0,61,59,0.0,True
2026-07-05 22:00:00,2026-07-05,22,0.0,2.3,2.3,31.1,6.01,0.0,75,63,0.0,True
2026-07-05 23:00:00,2026-07-05,23,0.0,1.88,1.88,30.3,5.62,0.0,82,67,0.0,True
